state,year,incidence
Ala.,1928,334.99
Ala.,1929,111.93
Ala.,1930,157
Ala.,1931,337.29
Ala.,1932,10.21
Ala.,1933,65.22
Ala.,1934,590.27
Ala.,1935,265.34
Ala.,1936,20.78
Ala.,1937,22.46
Ala.,1938,496.44
Ala.,1939,182.64
Ala.,1940,115.12
Ala.,1941,297.47
Ala.,1942,126.15
Ala.,1943,130.82
Ala.,1944,252.87
Ala.,1945,27.33
Ala.,1946,126.75
Ala.,1947,127.26
Ala.,1948,69.09
Ala.,1949,368.8
Ala.,1950,50.9
Ala.,1951,103.24
Ala.,1952,351.72
Ala.,1953,93.99
Ala.,1954,280.39
Ala.,1955,69.68
Ala.,1956,231.75
Ala.,1957,299.79
Ala.,1958,242.34
Ala.,1959,108.19
Ala.,1960,63.33
Ala.,1961,78.01
Ala.,1962,71.58
Ala.,1963,34.74
Ala.,1964,533.68
Ala.,1965,68.2
Ala.,1966,52.38
Ala.,1967,38.98
Ala.,1968,4.65
Ala.,1969,0.36
Ala.,1970,13.94
Ala.,1971,55.24
Ala.,1972,4.02
Ala.,1973,0.42
Ala.,1974,0.58
Ala.,1975,0.13
Ala.,1976,0
Ala.,1977,2.06
Ala.,1978,3.43
Ala.,1979,3.35
Ala.,1980,0.57
Ala.,1981,0
Ala.,1982,0.05
Ala.,1983,0.03
Ala.,1984,0
Ala.,1985,0
Ala.,1986,0.02
Ala.,1987,0.09
Ala.,1988,0.02
Ala.,1989,1.46
Ala.,1990,0.65
Ala.,1991,0.02
Ala.,1992,0
Ala.,1993,0.02
Ala.,1994,0
Ala.,1995,0
Ala.,1996,0
Ala.,1997,0.14
Ala.,1998,0
Ala.,1999,0
Ala.,2000,0
Ala.,2001,0
Ala.,2002,0.16
Ala.,2003,0
Ala.,2004,0
Ala.,2005,0
Ala.,2006,0
Ala.,2007,0
Ala.,2008,0
Ala.,2009,0
Ala.,2010,0
Ala.,2011,0
Ala.,2012,0
Ala.,2013,0
Ala.,2014,1
Ala.,2015,0
Ala.,2016,1
Alaska,1928,0
Alaska,1929,0
Alaska,1930,0
Alaska,1931,0
Alaska,1932,0
Alaska,1933,0
Alaska,1934,0
Alaska,1935,0
Alaska,1936,0
Alaska,1937,0
Alaska,1938,0
Alaska,1939,0
Alaska,1940,0
Alaska,1941,0
Alaska,1942,0
Alaska,1943,0
Alaska,1944,0
Alaska,1945,0
Alaska,1946,0
Alaska,1947,0
Alaska,1948,0
Alaska,1949,0
Alaska,1950,0
Alaska,1951,0
Alaska,1952,0
Alaska,1953,0
Alaska,1954,691.67
Alaska,1955,241.87
Alaska,1956,1120.98
Alaska,1957,414.7
Alaska,1958,562.06
Alaska,1959,816.55
Alaska,1960,635.79
Alaska,1961,420.96
Alaska,1962,571.54
Alaska,1963,722.27
Alaska,1964,439.89
Alaska,1965,79.38
Alaska,1966,236.57
Alaska,1967,53.27
Alaska,1968,3.86
Alaska,1969,6.77
Alaska,1970,33.61
Alaska,1971,19.42
Alaska,1972,3.94
Alaska,1973,1.47
Alaska,1974,0.27
Alaska,1975,0
Alaska,1976,2.73
Alaska,1977,15.07
Alaska,1978,0.5
Alaska,1979,4.48
Alaska,1980,1.44
Alaska,1981,0
Alaska,1982,0.2
Alaska,1983,0
Alaska,1984,0
Alaska,1985,0
Alaska,1986,0
Alaska,1987,0
Alaska,1988,0.18
Alaska,1989,0
Alaska,1990,4.86
Alaska,1991,0.18
Alaska,1992,0.68
Alaska,1993,0
Alaska,1994,2.67
Alaska,1995,0
Alaska,1996,11.16
Alaska,1997,0.16
Alaska,1998,2.58
Alaska,1999,0
Alaska,2000,0.16
Alaska,2001,0
Alaska,2002,0
Alaska,2003,0
Alaska,2004,0
Alaska,2005,0
Alaska,2006,0
Alaska,2007,0
Alaska,2008,0
Alaska,2009,0
Alaska,2010,0
Alaska,2011,0
Alaska,2012,0
Alaska,2013,0
Alaska,2014,0
Alaska,2015,0
Alaska,2016,0
Ariz.,1928,200.75
Ariz.,1929,54.88
Ariz.,1930,466.31
Ariz.,1931,497.69
Ariz.,1932,20.11
Ariz.,1933,296.01
Ariz.,1934,238.81
Ariz.,1935,135.02
Ariz.,1936,525.5
Ariz.,1937,837.3
Ariz.,1938,149.34
Ariz.,1939,144.02
Ariz.,1940,339.06
Ariz.,1941,615.29
Ariz.,1942,740.83
Ariz.,1943,172.44
Ariz.,1944,736.71
Ariz.,1945,93.74
Ariz.,1946,498.69
Ariz.,1947,224.49
Ariz.,1948,623.38
Ariz.,1949,531.46
Ariz.,1950,315.95
Ariz.,1951,1351.49
Ariz.,1952,424.59
Ariz.,1953,557.91
Ariz.,1954,531.51
Ariz.,1955,1024.03
Ariz.,1956,644.32
Ariz.,1957,700.97
Ariz.,1958,825.18
Ariz.,1959,719.02
Ariz.,1960,325.91
Ariz.,1961,559.22
Ariz.,1962,431.74
Ariz.,1963,583.67
Ariz.,1964,405.54
Ariz.,1965,100.6
Ariz.,1966,336.9
Ariz.,1967,62.08
Ariz.,1968,14.61
Ariz.,1969,31.21
Ariz.,1970,53.05
Ariz.,1971,25.39
Ariz.,1972,40.83
Ariz.,1973,1.12
Ariz.,1974,0.89
Ariz.,1975,3.53
Ariz.,1976,10
Ariz.,1977,8.71
Ariz.,1978,2.52
Ariz.,1979,3.25
Ariz.,1980,11.63
Ariz.,1981,0.36
Ariz.,1982,0.53
Ariz.,1983,0
Ariz.,1984,0
Ariz.,1985,7.49
Ariz.,1986,7.45
Ariz.,1987,1
Ariz.,1988,0.08
Ariz.,1989,3.96
Ariz.,1990,7.72
Ariz.,1991,9.04
Ariz.,1992,0
Ariz.,1993,0.06
Ariz.,1994,0.2
Ariz.,1995,0.27
Ariz.,1996,0.17
Ariz.,1997,0.18
Ariz.,1998,0.2
Ariz.,1999,0.02
Ariz.,2000,0
Ariz.,2001,0.02
Ariz.,2002,0
Ariz.,2003,0
Ariz.,2004,0
Ariz.,2005,1
Ariz.,2006,1
Ariz.,2007,0
Ariz.,2008,14
Ariz.,2009,0
Ariz.,2010,1
Ariz.,2011,2
Ariz.,2012,2
Ariz.,2013,1
Ariz.,2014,3
Ariz.,2015,7
Ariz.,2016,31
Ark.,1928,481.77
Ark.,1929,67.22
Ark.,1930,53.44
Ark.,1931,45.91
Ark.,1932,5.33
Ark.,1933,293.32
Ark.,1934,384.57
Ark.,1935,80.33
Ark.,1936,5.66
Ark.,1937,16.98
Ark.,1938,356.73
Ark.,1939,123.51
Ark.,1940,72
Ark.,1941,273.89
Ark.,1942,232.7
Ark.,1943,162.6
Ark.,1944,207.51
Ark.,1945,69.5
Ark.,1946,168.47
Ark.,1947,130.61
Ark.,1948,208.3
Ark.,1949,667.72
Ark.,1950,91.12
Ark.,1951,401.09
Ark.,1952,188.55
Ark.,1953,727.41
Ark.,1954,151.03
Ark.,1955,173.54
Ark.,1956,506.86
Ark.,1957,78.41
Ark.,1958,173.95
Ark.,1959,46.49
Ark.,1960,89.24
Ark.,1961,93.26
Ark.,1962,77.61
Ark.,1963,77.5
Ark.,1964,58.28
Ark.,1965,63.08
Ark.,1966,72.49
Ark.,1967,66.76
Ark.,1968,0.15
Ark.,1969,1.51
Ark.,1970,1.66
Ark.,1971,21.91
Ark.,1972,0.65
Ark.,1973,3.71
Ark.,1974,0.66
Ark.,1975,0.1
Ark.,1976,0.91
Ark.,1977,2.04
Ark.,1978,0.96
Ark.,1979,0.47
Ark.,1980,0.76
Ark.,1981,0.59
Ark.,1982,0
Ark.,1983,0.04
Ark.,1984,0.38
Ark.,1985,0
Ark.,1986,12.21
Ark.,1987,0
Ark.,1988,0
Ark.,1989,0.21
Ark.,1990,1.74
Ark.,1991,0
Ark.,1992,0
Ark.,1993,0
Ark.,1994,0
Ark.,1995,0.08
Ark.,1996,0
Ark.,1997,0.12
Ark.,1998,0
Ark.,1999,0.16
Ark.,2000,0.04
Ark.,2001,0
Ark.,2002,0
Ark.,2003,0
Ark.,2004,0
Ark.,2005,0
Ark.,2006,0
Ark.,2007,0
Ark.,2008,2
Ark.,2009,0
Ark.,2010,0
Ark.,2011,0
Ark.,2012,4
Ark.,2013,0
Ark.,2014,0
Ark.,2015,0
Ark.,2016,0
Calif.,1928,69.22
Calif.,1929,72.8
Calif.,1930,760.24
Calif.,1931,477.48
Calif.,1932,214.08
Calif.,1933,445.28
Calif.,1934,423.26
Calif.,1935,466.38
Calif.,1936,773.54
Calif.,1937,78.26
Calif.,1938,278.32
Calif.,1939,939.48
Calif.,1940,376.44
Calif.,1941,174.42
Calif.,1942,1222.01
Calif.,1943,340.06
Calif.,1944,599.97
Calif.,1945,339.44
Calif.,1946,575.16
Calif.,1947,74.98
Calif.,1948,487.91
Calif.,1949,320.82
Calif.,1950,137.92
Calif.,1951,548.36
Calif.,1952,335.25
Calif.,1953,438.91
Calif.,1954,473.05
Calif.,1955,513.46
Calif.,1956,235.21
Calif.,1957,353.35
Calif.,1958,235.72
Calif.,1959,251.82
Calif.,1960,140.03
Calif.,1961,223.42
Calif.,1962,164.86
Calif.,1963,113.36
Calif.,1964,179.9
Calif.,1965,74.6
Calif.,1966,80.59
Calif.,1967,27.45
Calif.,1968,8.49
Calif.,1969,4.57
Calif.,1970,9.55
Calif.,1971,13.88
Calif.,1972,15.43
Calif.,1973,3.82
Calif.,1974,5.14
Calif.,1975,23.78
Calif.,1976,10.41
Calif.,1977,34.75
Calif.,1978,2.81
Calif.,1979,4.08
Calif.,1980,3.65
Calif.,1981,1.4
Calif.,1982,3.16
Calif.,1983,0.59
Calif.,1984,1.2
Calif.,1985,0.92
Calif.,1986,1.52
Calif.,1987,2.68
Calif.,1988,2.48
Calif.,1989,7.34
Calif.,1990,31.99
Calif.,1991,6.49
Calif.,1992,0.19
Calif.,1993,0.18
Calif.,1994,0.19
Calif.,1995,0.09
Calif.,1996,0.11
Calif.,1997,0.09
Calif.,1998,0
Calif.,1999,0.06
Calif.,2000,0.03
Calif.,2001,0.11
Calif.,2002,0
Calif.,2003,0
Calif.,2004,6
Calif.,2005,4
Calif.,2006,6
Calif.,2007,4
Calif.,2008,17
Calif.,2009,9
Calif.,2010,27
Calif.,2011,31
Calif.,2012,8
Calif.,2013,17
Calif.,2014,92
Calif.,2015,109
Calif.,2016,24
Colo.,1928,206.98
Colo.,1929,74.24
Colo.,1930,1132.76
Colo.,1931,453.27
Colo.,1932,222.9
Colo.,1933,27.69
Colo.,1934,1204.25
Colo.,1935,1186.07
Colo.,1936,54.74
Colo.,1937,93
Colo.,1938,823.71
Colo.,1939,525.21
Colo.,1940,231.8
Colo.,1941,661.75
Colo.,1942,505.49
Colo.,1943,976.97
Colo.,1944,556.49
Colo.,1945,95.91
Colo.,1946,992.74
Colo.,1947,142.93
Colo.,1948,723.28
Colo.,1949,557.61
Colo.,1950,395.37
Colo.,1951,934.02
Colo.,1952,386.92
Colo.,1953,684
Colo.,1954,127.66
Colo.,1955,317.08
Colo.,1956,873.22
Colo.,1957,173.47
Colo.,1958,566.11
Colo.,1959,411.5
Colo.,1960,384.73
Colo.,1961,210.35
Colo.,1962,474
Colo.,1963,325.28
Colo.,1964,164.43
Colo.,1965,302.7
Colo.,1966,72
Colo.,1967,79.64
Colo.,1968,23.54
Colo.,1969,6.43
Colo.,1970,10.41
Colo.,1971,37.17
Colo.,1972,20.88
Colo.,1973,6.55
Colo.,1974,6.13
Colo.,1975,44.44
Colo.,1976,16.67
Colo.,1977,15.7
Colo.,1978,1.8
Colo.,1979,2.48
Colo.,1980,0.77
Colo.,1981,0.25
Colo.,1982,0.22
Colo.,1983,0
Colo.,1984,0
Colo.,1985,0.27
Colo.,1986,0.15
Colo.,1987,0.27
Colo.,1988,3.53
Colo.,1989,3.02
Colo.,1990,4.17
Colo.,1991,0.33
Colo.,1992,0.64
Colo.,1993,0
Colo.,1994,0.54
Colo.,1995,0.68
Colo.,1996,0.21
Colo.,1997,0.72
Colo.,1998,0
Colo.,1999,0
Colo.,2000,0.06
Colo.,2001,0
Colo.,2002,0
Colo.,2003,0
Colo.,2004,1
Colo.,2005,0
Colo.,2006,0
Colo.,2007,0
Colo.,2008,0
Colo.,2009,0
Colo.,2010,0
Colo.,2011,0
Colo.,2012,0
Colo.,2013,2
Colo.,2014,1
Colo.,2015,1
Colo.,2016,2
Conn.,1928,634.95
Conn.,1929,614.82
Conn.,1930,112.23
Conn.,1931,790.46
Conn.,1932,348.27
Conn.,1933,330.66
Conn.,1934,282.35
Conn.,1935,1449.49
Conn.,1936,228.97
Conn.,1937,606.76
Conn.,1938,107.56
Conn.,1939,937.54
Conn.,1940,376.52
Conn.,1941,364.57
Conn.,1942,587.88
Conn.,1943,550.38
Conn.,1944,493.5
Conn.,1945,170.2
Conn.,1946,397.91
Conn.,1947,814.92
Conn.,1948,140.62
Conn.,1949,935.63
Conn.,1950,197.45
Conn.,1951,227.43
Conn.,1952,1179.01
Conn.,1953,99.99
Conn.,1954,223.47
Conn.,1955,1256.63
Conn.,1956,116.46
Conn.,1957,409.99
Conn.,1958,645.65
Conn.,1959,516.46
Conn.,1960,434.62
Conn.,1961,261.76
Conn.,1962,672.06
Conn.,1963,214.81
Conn.,1964,189.03
Conn.,1965,322.89
Conn.,1966,32.51
Conn.,1967,3.57
Conn.,1968,23.82
Conn.,1969,21.39
Conn.,1970,3.82
Conn.,1971,38.91
Conn.,1972,50.08
Conn.,1973,59.17
Conn.,1974,5.6
Conn.,1975,4.16
Conn.,1976,7.64
Conn.,1977,25.02
Conn.,1978,17.04
Conn.,1979,0.12
Conn.,1980,0.85
Conn.,1981,0.27
Conn.,1982,0.24
Conn.,1983,0
Conn.,1984,0.31
Conn.,1985,0.18
Conn.,1986,0.27
Conn.,1987,0.66
Conn.,1988,0.51
Conn.,1989,6.53
Conn.,1990,5.7
Conn.,1991,0.69
Conn.,1992,0.06
Conn.,1993,0.18
Conn.,1994,0.12
Conn.,1995,0.03
Conn.,1996,0.03
Conn.,1997,0
Conn.,1998,0
Conn.,1999,0
Conn.,2000,0
Conn.,2001,0
Conn.,2002,0
Conn.,2003,0
Conn.,2004,0
Conn.,2005,0
Conn.,2006,0
Conn.,2007,0
Conn.,2008,0
Conn.,2009,0
Conn.,2010,1
Conn.,2011,1
Conn.,2012,1
Conn.,2013,0
Conn.,2014,5
Conn.,2015,0
Conn.,2016,1
Del.,1928,256.02
Del.,1929,239.82
Del.,1930,109.25
Del.,1931,1003.28
Del.,1932,15.98
Del.,1933,82.68
Del.,1934,1225.2
Del.,1935,412.7
Del.,1936,555.96
Del.,1937,707.1
Del.,1938,236.02
Del.,1939,94.63
Del.,1940,36.04
Del.,1941,1268.35
Del.,1942,90.16
Del.,1943,564.55
Del.,1944,138.4
Del.,1945,96.86
Del.,1946,198.98
Del.,1947,19.41
Del.,1948,333.13
Del.,1949,234.53
Del.,1950,194.7
Del.,1951,208.42
Del.,1952,119.34
Del.,1953,115.88
Del.,1954,527.67
Del.,1955,26.98
Del.,1956,212.31
Del.,1957,78.13
Del.,1958,118.9
Del.,1959,139.7
Del.,1960,212.92
Del.,1961,368.35
Del.,1962,129.42
Del.,1963,248.69
Del.,1964,79.26
Del.,1965,102.38
Del.,1966,51.14
Del.,1967,10.64
Del.,1968,4.51
Del.,1969,93.73
Del.,1970,47.46
Del.,1971,7.27
Del.,1972,9.66
Del.,1973,1.71
Del.,1974,2.72
Del.,1975,5.94
Del.,1976,18.8
Del.,1977,1.18
Del.,1978,1.87
Del.,1979,0.17
Del.,1980,0.68
Del.,1981,0
Del.,1982,0
Del.,1983,0
Del.,1984,0
Del.,1985,0
Del.,1986,0.16
Del.,1987,3.09
Del.,1988,0
Del.,1989,5.4
Del.,1990,1.35
Del.,1991,2.81
Del.,1992,0.42
Del.,1993,0.28
Del.,1994,0
Del.,1995,0
Del.,1996,0.13
Del.,1997,0
Del.,1998,0
Del.,1999,0
Del.,2000,0
Del.,2001,0
Del.,2002,0
Del.,2003,0
Del.,2004,0
Del.,2005,1
Del.,2006,0
Del.,2007,0
Del.,2008,0
Del.,2009,0
Del.,2010,0
Del.,2011,1
Del.,2012,1
Del.,2013,0
Del.,2014,0
Del.,2015,1
Del.,2016,0
D.C.,1928,535.63
D.C.,1929,94.2
D.C.,1930,182.1
D.C.,1931,832.99
D.C.,1932,53.14
D.C.,1933,100.8
D.C.,1934,1137.49
D.C.,1935,152.73
D.C.,1936,335.59
D.C.,1937,333.27
D.C.,1938,115.59
D.C.,1939,497.42
D.C.,1940,126.99
D.C.,1941,488.19
D.C.,1942,190.76
D.C.,1943,234.27
D.C.,1944,310.09
D.C.,1945,39.59
D.C.,1946,465.92
D.C.,1947,60.15
D.C.,1948,305.05
D.C.,1949,278.56
D.C.,1950,213.51
D.C.,1951,185.16
D.C.,1952,286.17
D.C.,1953,44.05
D.C.,1954,383.3
D.C.,1955,57.69
D.C.,1956,210.28
D.C.,1957,114.82
D.C.,1958,187.57
D.C.,1959,52.17
D.C.,1960,158.16
D.C.,1961,47.09
D.C.,1962,89.2
D.C.,1963,27.76
D.C.,1964,43.14
D.C.,1965,19.76
D.C.,1966,49.3
D.C.,1967,3.46
D.C.,1968,0.78
D.C.,1969,5.89
D.C.,1970,46
D.C.,1971,2.12
D.C.,1972,0.27
D.C.,1973,1.4
D.C.,1974,0.14
D.C.,1975,0.28
D.C.,1976,1.94
D.C.,1977,2.1
D.C.,1978,0.3
D.C.,1979,0.16
D.C.,1980,0.79
D.C.,1981,0.32
D.C.,1982,0.16
D.C.,1983,0
D.C.,1984,0
D.C.,1985,4.39
D.C.,1986,0
D.C.,1987,0
D.C.,1988,0
D.C.,1989,6.74
D.C.,1990,3.66
D.C.,1991,0
D.C.,1992,0.33
D.C.,1993,0
D.C.,1994,0
D.C.,1995,0
D.C.,1996,0
D.C.,1997,0.35
D.C.,1998,0
D.C.,1999,0
D.C.,2000,0
D.C.,2001,0
D.C.,2002,0
D.C.,2003,0
D.C.,2004,0
D.C.,2005,0
D.C.,2006,0
D.C.,2007,0
D.C.,2008,1
D.C.,2009,2
D.C.,2010,0
D.C.,2011,0
D.C.,2012,1
D.C.,2013,1
D.C.,2014,0
D.C.,2015,3
D.C.,2016,0
Fla.,1928,119.58
Fla.,1929,78.01
Fla.,1930,356.59
Fla.,1931,260.79
Fla.,1932,13.63
Fla.,1933,63.93
Fla.,1934,505.65
Fla.,1935,72.77
Fla.,1936,18.22
Fla.,1937,23.08
Fla.,1938,517.83
Fla.,1939,157.53
Fla.,1940,114.19
Fla.,1941,459.76
Fla.,1942,189.61
Fla.,1943,68.57
Fla.,1944,189.74
Fla.,1945,39.63
Fla.,1946,116.89
Fla.,1947,53.1
Fla.,1948,152.39
Fla.,1949,144.03
Fla.,1950,83.43
Fla.,1951,76.21
Fla.,1952,109.99
Fla.,1953,38.5
Fla.,1954,312.27
Fla.,1955,38.04
Fla.,1956,127.23
Fla.,1957,120.36
Fla.,1958,266.67
Fla.,1959,74.68
Fla.,1960,74.46
Fla.,1961,127.69
Fla.,1962,76.09
Fla.,1963,66.69
Fla.,1964,121.55
Fla.,1965,62.29
Fla.,1966,64.38
Fla.,1967,28.92
Fla.,1968,8.94
Fla.,1969,9.27
Fla.,1970,20.19
Fla.,1971,30.83
Fla.,1972,17.64
Fla.,1973,4.7
Fla.,1974,2.7
Fla.,1975,0.94
Fla.,1976,3.78
Fla.,1977,3.3
Fla.,1978,11.6
Fla.,1979,6.2
Fla.,1980,4.04
Fla.,1981,2.89
Fla.,1982,2.01
Fla.,1983,1.48
Fla.,1984,0.16
Fla.,1985,0.99
Fla.,1986,3.38
Fla.,1987,0.72
Fla.,1988,1.32
Fla.,1989,1.6
Fla.,1990,2.87
Fla.,1991,2.21
Fla.,1992,0.3
Fla.,1993,0.2
Fla.,1994,0.16
Fla.,1995,0.06
Fla.,1996,0
Fla.,1997,0.06
Fla.,1998,0.01
Fla.,1999,0.01
Fla.,2000,0.02
Fla.,2001,0
Fla.,2002,0.01
Fla.,2003,0
Fla.,2004,1
Fla.,2005,0
Fla.,2006,4
Fla.,2007,5
Fla.,2008,1
Fla.,2009,5
Fla.,2010,1
Fla.,2011,8
Fla.,2012,0
Fla.,2013,7
Fla.,2014,0
Fla.,2015,5
Fla.,2016,5
Ga.,1928,159.73
Ga.,1929,40.63
Ga.,1930,153.21
Ga.,1931,104.39
Ga.,1932,34.36
Ga.,1933,156.88
Ga.,1934,774.78
Ga.,1935,1.05
Ga.,1936,0.27
Ga.,1937,0
Ga.,1938,299.92
Ga.,1939,115.95
Ga.,1940,93.84
Ga.,1941,294.12
Ga.,1942,168.74
Ga.,1943,126.45
Ga.,1944,171.51
Ga.,1945,27.53
Ga.,1946,117.11
Ga.,1947,102.39
Ga.,1948,37.8
Ga.,1949,288.7
Ga.,1950,62.42
Ga.,1951,213.03
Ga.,1952,225.42
Ga.,1953,86.49
Ga.,1954,188.04
Ga.,1955,68.18
Ga.,1956,128.9
Ga.,1957,155.66
Ga.,1958,175.18
Ga.,1959,11.54
Ga.,1960,5.53
Ga.,1961,10.24
Ga.,1962,10.19
Ga.,1963,4.78
Ga.,1964,4.92
Ga.,1965,15.1
Ga.,1966,5.59
Ga.,1967,0.96
Ga.,1968,0.08
Ga.,1969,0.04
Ga.,1970,0.36
Ga.,1971,23.59
Ga.,1972,3.56
Ga.,1973,1.02
Ga.,1974,0.06
Ga.,1975,0.78
Ga.,1976,0.1
Ga.,1977,14.41
Ga.,1978,1.06
Ga.,1979,10.14
Ga.,1980,15.19
Ga.,1981,1.95
Ga.,1982,0
Ga.,1983,0.14
Ga.,1984,0.06
Ga.,1985,0.13
Ga.,1986,1.49
Ga.,1987,0.15
Ga.,1988,0
Ga.,1989,0.27
Ga.,1990,5.5
Ga.,1991,0.23
Ga.,1992,0.04
Ga.,1993,0.01
Ga.,1994,0.03
Ga.,1995,0.06
Ga.,1996,0.01
Ga.,1997,0
Ga.,1998,0.01
Ga.,1999,0
Ga.,2000,0
Ga.,2001,0.01
Ga.,2002,0.01
Ga.,2003,0
Ga.,2004,1
Ga.,2005,0
Ga.,2006,0
Ga.,2007,0
Ga.,2008,1
Ga.,2009,1
Ga.,2010,1
Ga.,2011,0
Ga.,2012,2
Ga.,2013,0
Ga.,2014,0
Ga.,2015,1
Ga.,2016,1
Hawaii,1928,0
Hawaii,1929,0
Hawaii,1930,0
Hawaii,1931,0
Hawaii,1932,0
Hawaii,1933,0
Hawaii,1934,0
Hawaii,1935,0
Hawaii,1936,0
Hawaii,1937,0
Hawaii,1938,0
Hawaii,1939,0
Hawaii,1940,0
Hawaii,1941,0
Hawaii,1942,0
Hawaii,1943,0
Hawaii,1944,0
Hawaii,1945,0
Hawaii,1946,0
Hawaii,1947,0
Hawaii,1948,0
Hawaii,1949,0
Hawaii,1950,13.22
Hawaii,1951,955.24
Hawaii,1952,0
Hawaii,1953,0
Hawaii,1954,99.86
Hawaii,1955,1186.44
Hawaii,1956,922.02
Hawaii,1957,866.24
Hawaii,1958,95.08
Hawaii,1959,592.6
Hawaii,1960,829
Hawaii,1961,29.62
Hawaii,1962,387.29
Hawaii,1963,521.83
Hawaii,1964,123.18
Hawaii,1965,575.8
Hawaii,1966,20.36
Hawaii,1967,24.46
Hawaii,1968,5.05
Hawaii,1969,7.02
Hawaii,1970,23.86
Hawaii,1971,59.03
Hawaii,1972,11.24
Hawaii,1973,3.52
Hawaii,1974,7.1
Hawaii,1975,7.17
Hawaii,1976,1.2
Hawaii,1977,4.73
Hawaii,1978,2.17
Hawaii,1979,7.95
Hawaii,1980,0.9
Hawaii,1981,0.8
Hawaii,1982,0.5
Hawaii,1983,0.1
Hawaii,1984,16.64
Hawaii,1985,2.33
Hawaii,1986,2.78
Hawaii,1987,0.18
Hawaii,1988,1.81
Hawaii,1989,2.79
Hawaii,1990,3.69
Hawaii,1991,1.95
Hawaii,1992,4.24
Hawaii,1993,1.3
Hawaii,1994,0
Hawaii,1995,0
Hawaii,1996,2.81
Hawaii,1997,0.49
Hawaii,1998,0
Hawaii,1999,0.08
Hawaii,2000,0.16
Hawaii,2001,0.57
Hawaii,2002,0.08
Hawaii,2003,0
Hawaii,2004,3
Hawaii,2005,1
Hawaii,2006,0
Hawaii,2007,2
Hawaii,2008,4
Hawaii,2009,0
Hawaii,2010,4
Hawaii,2011,0
Hawaii,2012,0
Hawaii,2013,0
Hawaii,2014,15
Hawaii,2015,0
Hawaii,2016,1
Idaho,1928,19.59
Idaho,1929,160.37
Idaho,1930,196.66
Idaho,1931,25.97
Idaho,1932,8.76
Idaho,1933,193.59
Idaho,1934,252.43
Idaho,1935,182.33
Idaho,1936,262.62
Idaho,1937,243.15
Idaho,1938,425.67
Idaho,1939,694.15
Idaho,1940,337.53
Idaho,1941,102.03
Idaho,1942,395.08
Idaho,1943,650.9
Idaho,1944,182.34
Idaho,1945,259.93
Idaho,1946,433.6
Idaho,1947,51.13
Idaho,1948,275.2
Idaho,1949,511.03
Idaho,1950,324.05
Idaho,1951,358.07
Idaho,1952,196.07
Idaho,1953,324.34
Idaho,1954,734.17
Idaho,1955,113.76
Idaho,1956,317.56
Idaho,1957,486.9
Idaho,1958,591.94
Idaho,1959,247.2
Idaho,1960,421.92
Idaho,1961,281.75
Idaho,1962,234.12
Idaho,1963,572.48
Idaho,1964,336.19
Idaho,1965,454.66
Idaho,1966,246.93
Idaho,1967,60.05
Idaho,1968,3
Idaho,1969,12.74
Idaho,1970,13.32
Idaho,1971,35.9
Idaho,1972,14.09
Idaho,1973,31.71
Idaho,1974,6.48
Idaho,1975,2.35
Idaho,1976,224.33
Idaho,1977,18.56
Idaho,1978,0.43
Idaho,1979,2.34
Idaho,1980,0
Idaho,1981,0.2
Idaho,1982,0
Idaho,1983,0.1
Idaho,1984,0
Idaho,1985,6.25
Idaho,1986,0.1
Idaho,1987,0
Idaho,1988,0
Idaho,1989,0.8
Idaho,1990,2.19
Idaho,1991,42.15
Idaho,1992,0
Idaho,1993,0
Idaho,1994,0.18
Idaho,1995,0.33
Idaho,1996,0.16
Idaho,1997,6.59
Idaho,1998,0.08
Idaho,1999,0
Idaho,2000,0
Idaho,2001,0.16
Idaho,2002,0
Idaho,2003,0
Idaho,2004,0
Idaho,2005,0
Idaho,2006,0
Idaho,2007,0
Idaho,2008,0
Idaho,2009,0
Idaho,2010,0
Idaho,2011,0
Idaho,2012,0
Idaho,2013,0
Idaho,2014,0
Idaho,2015,0
Idaho,2016,0
Ill.,1928,98.24
Ill.,1929,506.18
Ill.,1930,216.07
Ill.,1931,516.97
Ill.,1932,208.31
Ill.,1933,155.65
Ill.,1934,574.84
Ill.,1935,746.81
Ill.,1936,15.43
Ill.,1937,146.95
Ill.,1938,1145.16
Ill.,1939,100.12
Ill.,1940,84.14
Ill.,1941,613.14
Ill.,1942,132.69
Ill.,1943,328.45
Ill.,1944,239.79
Ill.,1945,103.25
Ill.,1946,298.12
Ill.,1947,91.45
Ill.,1948,426.99
Ill.,1949,65.92
Ill.,1950,200.35
Ill.,1951,187.66
Ill.,1952,294.52
Ill.,1953,173.71
Ill.,1954,358.74
Ill.,1955,144.65
Ill.,1956,441.99
Ill.,1957,100.27
Ill.,1958,233.09
Ill.,1959,96.16
Ill.,1960,224.66
Ill.,1961,159
Ill.,1962,163.37
Ill.,1963,98.55
Ill.,1964,149.33
Ill.,1965,42.68
Ill.,1966,106.31
Ill.,1967,11.93
Ill.,1968,13.52
Ill.,1969,10.16
Ill.,1970,29.38
Ill.,1971,29.04
Ill.,1972,40.22
Ill.,1973,19.48
Ill.,1974,18.73
Ill.,1975,16.49
Ill.,1976,17.86
Ill.,1977,16.56
Ill.,1978,6.98
Ill.,1979,11.6
Ill.,1980,2.97
Ill.,1981,0.26
Ill.,1982,0.24
Ill.,1983,1.72
Ill.,1984,1.36
Ill.,1985,2.43
Ill.,1986,3.67
Ill.,1987,1.7
Ill.,1988,0.47
Ill.,1989,22.32
Ill.,1990,9.05
Ill.,1991,0.05
Ill.,1992,0.09
Ill.,1993,0.04
Ill.,1994,0.15
Ill.,1995,0.04
Ill.,1996,0.02
Ill.,1997,0.08
Ill.,1998,0.01
Ill.,1999,0
Ill.,2000,0.04
Ill.,2001,0.01
Ill.,2002,0
Ill.,2003,0
Ill.,2004,1
Ill.,2005,2
Ill.,2006,0
Ill.,2007,1
Ill.,2008,32
Ill.,2009,0
Ill.,2010,0
Ill.,2011,3
Ill.,2012,0
Ill.,2013,5
Ill.,2014,2
Ill.,2015,17
Ill.,2016,2
Ind.,1928,263.67
Ind.,1929,322.1
Ind.,1930,120.73
Ind.,1931,541.21
Ind.,1932,88.78
Ind.,1933,108.02
Ind.,1934,631.03
Ind.,1935,299.12
Ind.,1936,21.15
Ind.,1937,210.12
Ind.,1938,523.18
Ind.,1939,59.79
Ind.,1940,16.65
Ind.,1941,381.63
Ind.,1942,94.99
Ind.,1943,263
Ind.,1944,149.11
Ind.,1945,33.51
Ind.,1946,293.05
Ind.,1947,60.93
Ind.,1948,366.54
Ind.,1949,100.14
Ind.,1950,169.41
Ind.,1951,102
Ind.,1952,179.11
Ind.,1953,162.58
Ind.,1954,517.12
Ind.,1955,86.36
Ind.,1956,368.17
Ind.,1957,180.31
Ind.,1958,396.55
Ind.,1959,99.64
Ind.,1960,223.08
Ind.,1961,124.69
Ind.,1962,161.79
Ind.,1963,122.36
Ind.,1964,458.81
Ind.,1965,48.06
Ind.,1966,116.34
Ind.,1967,13.46
Ind.,1968,15.55
Ind.,1969,10.51
Ind.,1970,5.5
Ind.,1971,58.23
Ind.,1972,23.8
Ind.,1973,13.27
Ind.,1974,4.86
Ind.,1975,9.67
Ind.,1976,79.97
Ind.,1977,71.15
Ind.,1978,3.95
Ind.,1979,3.67
Ind.,1980,2.01
Ind.,1981,0.34
Ind.,1982,0.06
Ind.,1983,6.78
Ind.,1984,0.04
Ind.,1985,0.06
Ind.,1986,0.7
Ind.,1987,0
Ind.,1988,1.04
Ind.,1989,2.02
Ind.,1990,4.49
Ind.,1991,0.09
Ind.,1992,0.22
Ind.,1993,0.02
Ind.,1994,0.02
Ind.,1995,0
Ind.,1996,0
Ind.,1997,0
Ind.,1998,0.03
Ind.,1999,0.02
Ind.,2000,0
Ind.,2001,0.03
Ind.,2002,0.02
Ind.,2003,0
Ind.,2004,0
Ind.,2005,33
Ind.,2006,1
Ind.,2007,0
Ind.,2008,0
Ind.,2009,0
Ind.,2010,0
Ind.,2011,14
Ind.,2012,15
Ind.,2013,2
Ind.,2014,1
Ind.,2015,0
Ind.,2016,1
Iowa,1928,28.63
Iowa,1929,82.95
Iowa,1930,395.59
Iowa,1931,34.25
Iowa,1932,6.32
Iowa,1933,33.01
Iowa,1934,346.39
Iowa,1935,865.65
Iowa,1936,8
Iowa,1937,10.76
Iowa,1938,223.17
Iowa,1939,209.13
Iowa,1940,212.6
Iowa,1941,197.87
Iowa,1942,254.79
Iowa,1943,242.8
Iowa,1944,201.38
Iowa,1945,61.4
Iowa,1946,160.44
Iowa,1947,177.89
Iowa,1948,352.26
Iowa,1949,87.03
Iowa,1950,399.49
Iowa,1951,103.78
Iowa,1952,120.84
Iowa,1953,413.78
Iowa,1954,477.14
Iowa,1955,286.64
Iowa,1956,307.41
Iowa,1957,330.75
Iowa,1958,463.82
Iowa,1959,420.25
Iowa,1960,64
Iowa,1961,192.53
Iowa,1962,393.63
Iowa,1963,280.07
Iowa,1964,819.82
Iowa,1965,339.54
Iowa,1966,197.39
Iowa,1967,29.6
Iowa,1968,6.58
Iowa,1969,9.98
Iowa,1970,31.42
Iowa,1971,94.79
Iowa,1972,33.27
Iowa,1973,10.12
Iowa,1974,4.6
Iowa,1975,24.11
Iowa,1976,1.4
Iowa,1977,123.72
Iowa,1978,2.96
Iowa,1979,0.53
Iowa,1980,0.06
Iowa,1981,0.03
Iowa,1982,0
Iowa,1983,0
Iowa,1984,0
Iowa,1985,0
Iowa,1986,5.1
Iowa,1987,0
Iowa,1988,0
Iowa,1989,0.45
Iowa,1990,0.96
Iowa,1991,0.59
Iowa,1992,0
Iowa,1993,0
Iowa,1994,0.25
Iowa,1995,0
Iowa,1996,0
Iowa,1997,0.28
Iowa,1998,0.03
Iowa,1999,0
Iowa,2000,0.06
Iowa,2001,0
Iowa,2002,0
Iowa,2003,0
Iowa,2004,3
Iowa,2005,0
Iowa,2006,0
Iowa,2007,0
Iowa,2008,0
Iowa,2009,1
Iowa,2010,0
Iowa,2011,1
Iowa,2012,0
Iowa,2013,0
Iowa,2014,0
Iowa,2015,0
Iowa,2016,0
Kan.,1928,136.92
Kan.,1929,555.44
Kan.,1930,666.71
Kan.,1931,93.47
Kan.,1932,326.64
Kan.,1933,335.08
Kan.,1934,538.84
Kan.,1935,1399.01
Kan.,1936,23.17
Kan.,1937,42.11
Kan.,1938,583.06
Kan.,1939,158.21
Kan.,1940,450.3
Kan.,1941,764.47
Kan.,1942,535.23
Kan.,1943,547.84
Kan.,1944,551.62
Kan.,1945,95.98
Kan.,1946,658.17
Kan.,1947,48.12
Kan.,1948,58.31
Kan.,1949,882.31
Kan.,1950,93.17
Kan.,1951,572.19
Kan.,1952,326.07
Kan.,1953,750.87
Kan.,1954,66.41
Kan.,1955,145.56
Kan.,1956,200.78
Kan.,1957,0.62
Kan.,1958,3.32
Kan.,1959,0
Kan.,1960,0
Kan.,1961,0
Kan.,1962,0
Kan.,1963,0
Kan.,1964,0
Kan.,1965,0
Kan.,1966,0
Kan.,1967,4.44
Kan.,1968,0.96
Kan.,1969,0.38
Kan.,1970,3.35
Kan.,1971,62.42
Kan.,1972,1.72
Kan.,1973,1.19
Kan.,1974,8.25
Kan.,1975,93.3
Kan.,1976,32.17
Kan.,1977,61.23
Kan.,1978,4.5
Kan.,1979,3.14
Kan.,1980,3.11
Kan.,1981,0.04
Kan.,1982,1.82
Kan.,1983,0
Kan.,1984,0
Kan.,1985,0.04
Kan.,1986,4.04
Kan.,1987,0
Kan.,1988,0.04
Kan.,1989,4.75
Kan.,1990,9.46
Kan.,1991,0.36
Kan.,1992,0.08
Kan.,1993,0
Kan.,1994,0.04
Kan.,1995,0.04
Kan.,1996,0.04
Kan.,1997,0
Kan.,1998,0
Kan.,1999,0
Kan.,2000,0.08
Kan.,2001,0.04
Kan.,2002,0
Kan.,2003,0
Kan.,2004,0
Kan.,2005,0
Kan.,2006,1
Kan.,2007,0
Kan.,2008,0
Kan.,2009,0
Kan.,2010,0
Kan.,2011,6
Kan.,2012,6
Kan.,2013,0
Kan.,2014,14
Kan.,2015,0
Kan.,2016,0
Ky.,1928,216.26
Ky.,1929,43.17
Ky.,1930,70.15
Ky.,1931,181.04
Ky.,1932,72.99
Ky.,1933,57.86
Ky.,1934,422.55
Ky.,1935,533.77
Ky.,1936,79.66
Ky.,1937,245.75
Ky.,1938,393.49
Ky.,1939,79.78
Ky.,1940,97.62
Ky.,1941,610.5
Ky.,1942,84.08
Ky.,1943,383.79
Ky.,1944,86.5
Ky.,1945,61.13
Ky.,1946,269.63
Ky.,1947,30.12
Ky.,1948,127.97
Ky.,1949,294.61
Ky.,1950,162.65
Ky.,1951,290.96
Ky.,1952,362.97
Ky.,1953,134.51
Ky.,1954,1026
Ky.,1955,76.09
Ky.,1956,610.29
Ky.,1957,557.76
Ky.,1958,619.64
Ky.,1959,221.65
Ky.,1960,352.98
Ky.,1961,368.68
Ky.,1962,202.29
Ky.,1963,284.88
Ky.,1964,481.84
Ky.,1965,121.06
Ky.,1966,154.21
Ky.,1967,46.83
Ky.,1968,4.37
Ky.,1969,2.21
Ky.,1970,32.39
Ky.,1971,111.46
Ky.,1972,14.43
Ky.,1973,12.38
Ky.,1974,5.52
Ky.,1975,4.55
Ky.,1976,21.88
Ky.,1977,33.04
Ky.,1978,3.35
Ky.,1979,1.63
Ky.,1980,1.75
Ky.,1981,0.03
Ky.,1982,0.06
Ky.,1983,0
Ky.,1984,0.03
Ky.,1985,0.05
Ky.,1986,0.08
Ky.,1987,0
Ky.,1988,0.95
Ky.,1989,1.17
Ky.,1990,1.14
Ky.,1991,0.69
Ky.,1992,7.46
Ky.,1993,0
Ky.,1994,0
Ky.,1995,0
Ky.,1996,0
Ky.,1997,0
Ky.,1998,0
Ky.,1999,0
Ky.,2000,0
Ky.,2001,0.05
Ky.,2002,0
Ky.,2003,0
Ky.,2004,0
Ky.,2005,0
Ky.,2006,0
Ky.,2007,0
Ky.,2008,0
Ky.,2009,0
Ky.,2010,1
Ky.,2011,1
Ky.,2012,0
Ky.,2013,0
Ky.,2014,0
Ky.,2015,0
Ky.,2016,0
La.,1928,260.33
La.,1929,88.79
La.,1930,86.29
La.,1931,11.47
La.,1932,67.44
La.,1933,42.77
La.,1934,220.96
La.,1935,117.22
La.,1936,57.67
La.,1937,20.71
La.,1938,44.77
La.,1939,157.03
La.,1940,47.78
La.,1941,35.01
La.,1942,123.74
La.,1943,106.44
La.,1944,104
La.,1945,41.15
La.,1946,126.32
La.,1947,49.96
La.,1948,57.63
La.,1949,51.62
La.,1950,28.57
La.,1951,78.73
La.,1952,23.97
La.,1953,155.89
La.,1954,104.96
La.,1955,5.66
La.,1956,69.64
La.,1957,34.64
La.,1958,9.05
La.,1959,2.08
La.,1960,7.46
La.,1961,1.23
La.,1962,6.9
La.,1963,4.26
La.,1964,3.44
La.,1965,3.85
La.,1966,3.02
La.,1967,4.46
La.,1968,0.79
La.,1969,3.46
La.,1970,8.34
La.,1971,42.19
La.,1972,3.26
La.,1973,2.37
La.,1974,0.38
La.,1975,0.09
La.,1976,7.76
La.,1977,2.2
La.,1978,21.25
La.,1979,6.2
La.,1980,0.43
La.,1981,0.1
La.,1982,0.34
La.,1983,0.09
La.,1984,0.18
La.,1985,0.95
La.,1986,0.08
La.,1987,0
La.,1988,0
La.,1989,2.79
La.,1990,0
La.,1991,0
La.,1992,0
La.,1993,0.02
La.,1994,0.02
La.,1995,0.42
La.,1996,0
La.,1997,0
La.,1998,0.02
La.,1999,0
La.,2000,0
La.,2001,0
La.,2002,0
La.,2003,0
La.,2004,0
La.,2005,0
La.,2006,0
La.,2007,0
La.,2008,1
La.,2009,0
La.,2010,0
La.,2011,0
La.,2012,0
La.,2013,0
La.,2014,0
La.,2015,0
La.,2016,0
Maine,1928,401.96
Maine,1929,719.17
Maine,1930,198.88
Maine,1931,434.35
Maine,1932,1086.28
Maine,1933,13.39
Maine,1934,78.02
Maine,1935,857.76
Maine,1936,891.89
Maine,1937,134.35
Maine,1938,509.67
Maine,1939,271.09
Maine,1940,837.74
Maine,1941,557.7
Maine,1942,540.61
Maine,1943,297.99
Maine,1944,611.07
Maine,1945,61.29
Maine,1946,578
Maine,1947,504.58
Maine,1948,335.01
Maine,1949,1108.87
Maine,1950,106.15
Maine,1951,193.05
Maine,1952,987.72
Maine,1953,181.55
Maine,1954,626.75
Maine,1955,710.48
Maine,1956,115.39
Maine,1957,478.88
Maine,1958,462.59
Maine,1959,270.41
Maine,1960,413.05
Maine,1961,279.08
Maine,1962,718.01
Maine,1963,48.49
Maine,1964,373.91
Maine,1965,295.75
Maine,1966,29.7
Maine,1967,24.63
Maine,1968,3.51
Maine,1969,0.8
Maine,1970,41.48
Maine,1971,120.27
Maine,1972,20.98
Maine,1973,5.32
Maine,1974,3.44
Maine,1975,1.44
Maine,1976,0.9
Maine,1977,15.91
Maine,1978,117.78
Maine,1979,1.89
Maine,1980,4.22
Maine,1981,0.45
Maine,1982,0
Maine,1983,0
Maine,1984,0
Maine,1985,0
Maine,1986,1.26
Maine,1987,0.25
Maine,1988,0.66
Maine,1989,0
Maine,1990,0.32
Maine,1991,0.56
Maine,1992,0.24
Maine,1993,0.16
Maine,1994,0.24
Maine,1995,0
Maine,1996,0
Maine,1997,0.32
Maine,1998,0
Maine,1999,0
Maine,2000,0
Maine,2001,0
Maine,2002,0
Maine,2003,0
Maine,2004,0
Maine,2005,0
Maine,2006,0
Maine,2007,0
Maine,2008,0
Maine,2009,0
Maine,2010,0
Maine,2011,0
Maine,2012,0
Maine,2013,0
Maine,2014,0
Maine,2015,0
Maine,2016,0
Md.,1928,1089.39
Md.,1929,126.04
Md.,1930,73.89
Md.,1931,1264.85
Md.,1932,65.17
Md.,1933,41.18
Md.,1934,1575.91
Md.,1935,133.17
Md.,1936,405.28
Md.,1937,698.17
Md.,1938,159.06
Md.,1939,852.92
Md.,1940,233.84
Md.,1941,384.33
Md.,1942,535.19
Md.,1943,196.78
Md.,1944,613.78
Md.,1945,87.4
Md.,1946,488.43
Md.,1947,50.88
Md.,1948,435.37
Md.,1949,740.27
Md.,1950,61.72
Md.,1951,269.07
Md.,1952,348.04
Md.,1953,79.46
Md.,1954,433.86
Md.,1955,83.51
Md.,1956,310.79
Md.,1957,79.68
Md.,1958,210.83
Md.,1959,76.08
Md.,1960,104.48
Md.,1961,130.28
Md.,1962,96.62
Md.,1963,60.08
Md.,1964,89.51
Md.,1965,35.52
Md.,1966,57.77
Md.,1967,4.86
Md.,1968,2.75
Md.,1969,2.6
Md.,1970,34.61
Md.,1971,13.6
Md.,1972,0.27
Md.,1973,0.32
Md.,1974,0.57
Md.,1975,1.54
Md.,1976,19.9
Md.,1977,8.48
Md.,1978,1.23
Md.,1979,0.38
Md.,1980,1.98
Md.,1981,0.11
Md.,1982,0.1
Md.,1983,0.17
Md.,1984,0.3
Md.,1985,2.53
Md.,1986,0.76
Md.,1987,0.22
Md.,1988,0.3
Md.,1989,2.48
Md.,1990,4.24
Md.,1991,3.66
Md.,1992,0.22
Md.,1993,0.02
Md.,1994,0.1
Md.,1995,0
Md.,1996,0.08
Md.,1997,0.5
Md.,1998,0
Md.,1999,0
Md.,2000,0
Md.,2001,0.06
Md.,2002,0
Md.,2003,0
Md.,2004,1
Md.,2005,0
Md.,2006,2
Md.,2007,0
Md.,2008,0
Md.,2009,4
Md.,2010,0
Md.,2011,2
Md.,2012,0
Md.,2013,1
Md.,2014,0
Md.,2015,0
Md.,2016,1
Mass.,1928,981.06
Mass.,1929,351.42
Mass.,1930,630.29
Mass.,1931,386.78
Mass.,1932,463.19
Mass.,1933,351.86
Mass.,1934,1039.49
Mass.,1935,286.73
Mass.,1936,613.81
Mass.,1937,478.32
Mass.,1938,229.97
Mass.,1939,546.19
Mass.,1940,498.72
Mass.,1941,474.01
Mass.,1942,564.89
Mass.,1943,752.17
Mass.,1944,433.38
Mass.,1945,186.66
Mass.,1946,798.36
Mass.,1947,252.7
Mass.,1948,675
Mass.,1949,556.88
Mass.,1950,264.72
Mass.,1951,311.54
Mass.,1952,940.07
Mass.,1953,68.28
Mass.,1954,475.05
Mass.,1955,957.5
Mass.,1956,72
Mass.,1957,222.05
Mass.,1958,714.96
Mass.,1959,123.22
Mass.,1960,420.58
Mass.,1961,416.44
Mass.,1962,511.33
Mass.,1963,84.1
Mass.,1964,135.92
Mass.,1965,354.49
Mass.,1966,15.02
Mass.,1967,7.47
Mass.,1968,9.84
Mass.,1969,6.59
Mass.,1970,15.75
Mass.,1971,8.07
Mass.,1972,21.96
Mass.,1973,69.12
Mass.,1974,7.08
Mass.,1975,2.69
Mass.,1976,0.74
Mass.,1977,12.3
Mass.,1978,5.45
Mass.,1979,0.49
Mass.,1980,0.98
Mass.,1981,1.05
Mass.,1982,0.1
Mass.,1983,0.15
Mass.,1984,1.46
Mass.,1985,1.37
Mass.,1986,0.63
Mass.,1987,1.09
Mass.,1988,0.09
Mass.,1989,1.79
Mass.,1990,0.54
Mass.,1991,0.72
Mass.,1992,0.35
Mass.,1993,0.31
Mass.,1994,0.12
Mass.,1995,0.08
Mass.,1996,0.2
Mass.,1997,0.88
Mass.,1998,0.02
Mass.,1999,0.04
Mass.,2000,0
Mass.,2001,0
Mass.,2002,0
Mass.,2003,0
Mass.,2004,2
Mass.,2005,0
Mass.,2006,19
Mass.,2007,1
Mass.,2008,2
Mass.,2009,2
Mass.,2010,3
Mass.,2011,24
Mass.,2012,0
Mass.,2013,1
Mass.,2014,8
Mass.,2015,0
Mass.,2016,1
Mich.,1928,547.55
Mich.,1929,376.46
Mich.,1930,583.62
Mich.,1931,133.48
Mich.,1932,881.09
Mich.,1933,462.14
Mich.,1934,132.48
Mich.,1935,1600.88
Mich.,1936,47.72
Mich.,1937,115.59
Mich.,1938,1505.5
Mich.,1939,328.17
Mich.,1940,299.7
Mich.,1941,1119.5
Mich.,1942,168.35
Mich.,1943,765.18
Mich.,1944,466.94
Mich.,1945,121.24
Mich.,1946,627.93
Mich.,1947,148.06
Mich.,1948,561.07
Mich.,1949,312.1
Mich.,1950,575.29
Mich.,1951,221.85
Mich.,1952,407.49
Mich.,1953,322.98
Mich.,1954,568.61
Mich.,1955,309.13
Mich.,1956,540.14
Mich.,1957,234.85
Mich.,1958,530.38
Mich.,1959,147.69
Mich.,1960,451.59
Mich.,1961,349.41
Mich.,1962,318.95
Mich.,1963,516.65
Mich.,1964,354.48
Mich.,1965,336.98
Mich.,1966,176.04
Mich.,1967,13.3
Mich.,1968,4.03
Mich.,1969,4.46
Mich.,1970,20.28
Mich.,1971,28.89
Mich.,1972,25.72
Mich.,1973,46.65
Mich.,1974,25.06
Mich.,1975,35.27
Mich.,1976,65.64
Mich.,1977,13.5
Mich.,1978,82.22
Mich.,1979,9.43
Mich.,1980,3.02
Mich.,1981,0.35
Mich.,1982,0.6
Mich.,1983,0.03
Mich.,1984,3.3
Mich.,1985,0.75
Mich.,1986,1.16
Mich.,1987,0.3
Mich.,1988,0.32
Mich.,1989,4.23
Mich.,1990,4.04
Mich.,1991,0.36
Mich.,1992,0.14
Mich.,1993,0.07
Mich.,1994,0.15
Mich.,1995,0.04
Mich.,1996,0.02
Mich.,1997,0.08
Mich.,1998,0.09
Mich.,1999,0
Mich.,2000,0.02
Mich.,2001,0
Mich.,2002,0
Mich.,2003,0
Mich.,2004,0
Mich.,2005,1
Mich.,2006,1
Mich.,2007,3
Mich.,2008,4
Mich.,2009,0
Mich.,2010,0
Mich.,2011,2
Mich.,2012,1
Mich.,2013,5
Mich.,2014,5
Mich.,2015,1
Mich.,2016,1
Minn.,1928,79.13
Minn.,1929,492.36
Minn.,1930,218.99
Minn.,1931,123.53
Minn.,1932,95.11
Minn.,1933,752.33
Minn.,1934,313.6
Minn.,1935,1062
Minn.,1936,283.03
Minn.,1937,25.12
Minn.,1938,256.2
Minn.,1939,655.68
Minn.,1940,300.31
Minn.,1941,35.34
Minn.,1942,567.73
Minn.,1943,398.01
Minn.,1944,770.53
Minn.,1945,62.96
Minn.,1946,44.79
Minn.,1947,319.35
Minn.,1948,286.3
Minn.,1949,114.47
Minn.,1950,125.16
Minn.,1951,93.36
Minn.,1952,96.98
Minn.,1953,136.22
Minn.,1954,92.93
Minn.,1955,225.27
Minn.,1956,40.74
Minn.,1957,229.33
Minn.,1958,37.83
Minn.,1959,80.06
Minn.,1960,126.3
Minn.,1961,20.6
Minn.,1962,47.43
Minn.,1963,76.78
Minn.,1964,9.73
Minn.,1965,26.46
Minn.,1966,46.56
Minn.,1967,3.76
Minn.,1968,0.52
Minn.,1969,0.75
Minn.,1970,1.29
Minn.,1971,2.06
Minn.,1972,0.73
Minn.,1973,0.65
Minn.,1974,2.21
Minn.,1975,5.83
Minn.,1976,10.83
Minn.,1977,68.06
Minn.,1978,2.09
Minn.,1979,29.85
Minn.,1980,26.87
Minn.,1981,0.17
Minn.,1982,0
Minn.,1983,0
Minn.,1984,1.08
Minn.,1985,0
Minn.,1986,0.84
Minn.,1987,0.65
Minn.,1988,0.48
Minn.,1989,0.16
Minn.,1990,9.21
Minn.,1991,0.63
Minn.,1992,0.2
Minn.,1993,0
Minn.,1994,0
Minn.,1995,0
Minn.,1996,0.37
Minn.,1997,0.35
Minn.,1998,0
Minn.,1999,0
Minn.,2000,0.02
Minn.,2001,0.04
Minn.,2002,0
Minn.,2003,0
Minn.,2004,0
Minn.,2005,0
Minn.,2006,1
Minn.,2007,1
Minn.,2008,0
Minn.,2009,1
Minn.,2010,3
Minn.,2011,26
Minn.,2012,0
Minn.,2013,2
Minn.,2014,2
Minn.,2015,2
Minn.,2016,2
Miss.,1928,0
Miss.,1929,0
Miss.,1930,0
Miss.,1931,0
Miss.,1932,0
Miss.,1933,0
Miss.,1934,0
Miss.,1935,0
Miss.,1936,0
Miss.,1937,0
Miss.,1938,0
Miss.,1939,0
Miss.,1940,0
Miss.,1941,0
Miss.,1942,0
Miss.,1943,0
Miss.,1944,0
Miss.,1945,0
Miss.,1946,0
Miss.,1947,14.96
Miss.,1948,58.26
Miss.,1949,106.74
Miss.,1950,99.49
Miss.,1951,91.25
Miss.,1952,64.62
Miss.,1953,115.46
Miss.,1954,145.94
Miss.,1955,72.75
Miss.,1956,107.81
Miss.,1957,61.45
Miss.,1958,67.5
Miss.,1959,66.43
Miss.,1960,76.35
Miss.,1961,68.9
Miss.,1962,119.04
Miss.,1963,29.85
Miss.,1964,261.46
Miss.,1965,51.15
Miss.,1966,56.99
Miss.,1967,30.34
Miss.,1968,10.91
Miss.,1969,1.1
Miss.,1970,6.07
Miss.,1971,66.8
Miss.,1972,9.05
Miss.,1973,2.71
Miss.,1974,0.61
Miss.,1975,1.47
Miss.,1976,0.73
Miss.,1977,2.08
Miss.,1978,31.21
Miss.,1979,1.08
Miss.,1980,3.91
Miss.,1981,0
Miss.,1982,0.16
Miss.,1983,0.08
Miss.,1984,0
Miss.,1985,0.04
Miss.,1986,0.4
Miss.,1987,0.16
Miss.,1988,1.27
Miss.,1989,0.04
Miss.,1990,0.5
Miss.,1991,0
Miss.,1992,0.04
Miss.,1993,0
Miss.,1994,0
Miss.,1995,0
Miss.,1996,0
Miss.,1997,0.14
Miss.,1998,0
Miss.,1999,0
Miss.,2000,0
Miss.,2001,0
Miss.,2002,0
Miss.,2003,0
Miss.,2004,0
Miss.,2005,0
Miss.,2006,0
Miss.,2007,0
Miss.,2008,0
Miss.,2009,0
Miss.,2010,0
Miss.,2011,0
Miss.,2012,0
Miss.,2013,0
Miss.,2014,0
Miss.,2015,0
Miss.,2016,0
Mo.,1928,198.63
Mo.,1929,183.46
Mo.,1930,149.81
Mo.,1931,369.77
Mo.,1932,43.16
Mo.,1933,152.96
Mo.,1934,539.48
Mo.,1935,345.19
Mo.,1936,17.37
Mo.,1937,186.45
Mo.,1938,525.47
Mo.,1939,76.61
Mo.,1940,15.55
Mo.,1941,175.17
Mo.,1942,178.71
Mo.,1943,196.08
Mo.,1944,155.96
Mo.,1945,30.22
Mo.,1946,166.93
Mo.,1947,33.55
Mo.,1948,150.17
Mo.,1949,203.8
Mo.,1950,58.02
Mo.,1951,188.53
Mo.,1952,60.99
Mo.,1953,218.84
Mo.,1954,37.88
Mo.,1955,96.52
Mo.,1956,124.88
Mo.,1957,102.2
Mo.,1958,82.41
Mo.,1959,84.71
Mo.,1960,17.35
Mo.,1961,102.09
Mo.,1962,31.73
Mo.,1963,64.05
Mo.,1964,24.26
Mo.,1965,60.2
Mo.,1966,12.54
Mo.,1967,7.47
Mo.,1968,0.69
Mo.,1969,1.57
Mo.,1970,16.45
Mo.,1971,42.81
Mo.,1972,3.7
Mo.,1973,1.15
Mo.,1974,5.49
Mo.,1975,5.41
Mo.,1976,4.8
Mo.,1977,18.57
Mo.,1978,3.53
Mo.,1979,9.72
Mo.,1980,1
Mo.,1981,0.02
Mo.,1982,0.04
Mo.,1983,0.04
Mo.,1984,0.12
Mo.,1985,0.02
Mo.,1986,0.62
Mo.,1987,3.76
Mo.,1988,0.41
Mo.,1989,9.97
Mo.,1990,1.04
Mo.,1991,0
Mo.,1992,0.02
Mo.,1993,0
Mo.,1994,0.81
Mo.,1995,0
Mo.,1996,0.04
Mo.,1997,0.06
Mo.,1998,0
Mo.,1999,0.02
Mo.,2000,0
Mo.,2001,0.02
Mo.,2002,0.02
Mo.,2003,0
Mo.,2004,2
Mo.,2005,0
Mo.,2006,1
Mo.,2007,0
Mo.,2008,1
Mo.,2009,6
Mo.,2010,3
Mo.,2011,0
Mo.,2012,0
Mo.,2013,3
Mo.,2014,27
Mo.,2015,1
Mo.,2016,0
Mont.,1928,139.86
Mont.,1929,817.76
Mont.,1930,117.52
Mont.,1931,284.85
Mont.,1932,1007.97
Mont.,1933,419.57
Mont.,1934,355.92
Mont.,1935,1422.57
Mont.,1936,81.57
Mont.,1937,111.71
Mont.,1938,1119.76
Mont.,1939,1973.32
Mont.,1940,476.48
Mont.,1941,161.21
Mont.,1942,588.48
Mont.,1943,1122.06
Mont.,1944,720.79
Mont.,1945,175.29
Mont.,1946,422.65
Mont.,1947,843.36
Mont.,1948,341.6
Mont.,1949,676.12
Mont.,1950,300.15
Mont.,1951,416.62
Mont.,1952,643.92
Mont.,1953,505.27
Mont.,1954,749.98
Mont.,1955,449.82
Mont.,1956,1016.61
Mont.,1957,528.64
Mont.,1958,1065.44
Mont.,1959,625.59
Mont.,1960,313.99
Mont.,1961,326.15
Mont.,1962,1181.36
Mont.,1963,482.41
Mont.,1964,579.59
Mont.,1965,556.37
Mont.,1966,272.69
Mont.,1967,48.96
Mont.,1968,9.69
Mont.,1969,17.13
Mont.,1970,16.01
Mont.,1971,112.98
Mont.,1972,2.35
Mont.,1973,48.63
Mont.,1974,46.2
Mont.,1975,6.98
Mont.,1976,65.89
Mont.,1977,119.65
Mont.,1978,13.86
Mont.,1979,7.87
Mont.,1980,0.26
Mont.,1981,0
Mont.,1982,0
Mont.,1983,0
Mont.,1984,0
Mont.,1985,20.52
Mont.,1986,0.24
Mont.,1987,17.11
Mont.,1988,9.66
Mont.,1989,1.63
Mont.,1990,0
Mont.,1991,0
Mont.,1992,0
Mont.,1993,0
Mont.,1994,0
Mont.,1995,0
Mont.,1996,0
Mont.,1997,0
Mont.,1998,0
Mont.,1999,0
Mont.,2000,0
Mont.,2001,0
Mont.,2002,0
Mont.,2003,0
Mont.,2004,0
Mont.,2005,0
Mont.,2006,0
Mont.,2007,0
Mont.,2008,0
Mont.,2009,0
Mont.,2010,0
Mont.,2011,0
Mont.,2012,0
Mont.,2013,0
Mont.,2014,0
Mont.,2015,0
Mont.,2016,0
Neb.,1928,78.95
Neb.,1929,303.03
Neb.,1930,745.32
Neb.,1931,24.91
Neb.,1932,31.61
Neb.,1933,117.35
Neb.,1934,331.03
Neb.,1935,639.7
Neb.,1936,86.34
Neb.,1937,34.46
Neb.,1938,209.06
Neb.,1939,276.01
Neb.,1940,129.04
Neb.,1941,34.6
Neb.,1942,428.55
Neb.,1943,401.02
Neb.,1944,186.13
Neb.,1945,71.57
Neb.,1946,395.65
Neb.,1947,37.4
Neb.,1948,263.28
Neb.,1949,207.99
Neb.,1950,275.32
Neb.,1951,41.75
Neb.,1952,214.03
Neb.,1953,183.75
Neb.,1954,191.6
Neb.,1955,12.07
Neb.,1956,178.58
Neb.,1957,16.79
Neb.,1958,108.79
Neb.,1959,29.32
Neb.,1960,14.81
Neb.,1961,44.19
Neb.,1962,8.13
Neb.,1963,15.86
Neb.,1964,54.63
Neb.,1965,31.99
Neb.,1966,11.64
Neb.,1967,36.53
Neb.,1968,4.59
Neb.,1969,44.87
Neb.,1970,52.32
Neb.,1971,4.88
Neb.,1972,1.61
Neb.,1973,0.37
Neb.,1974,6.08
Neb.,1975,25.54
Neb.,1976,3.52
Neb.,1977,13.69
Neb.,1978,0.51
Neb.,1979,4.26
Neb.,1980,4.93
Neb.,1981,0.25
Neb.,1982,0.19
Neb.,1983,0
Neb.,1984,0
Neb.,1985,0
Neb.,1986,0
Neb.,1987,0
Neb.,1988,0
Neb.,1989,6.65
Neb.,1990,5
Neb.,1991,0
Neb.,1992,0
Neb.,1993,0
Neb.,1994,0
Neb.,1995,0
Neb.,1996,0
Neb.,1997,0.06
Neb.,1998,0
Neb.,1999,0
Neb.,2000,0
Neb.,2001,0
Neb.,2002,0
Neb.,2003,0
Neb.,2004,0
Neb.,2005,0
Neb.,2006,0
Neb.,2007,0
Neb.,2008,0
Neb.,2009,0
Neb.,2010,0
Neb.,2011,0
Neb.,2012,0
Neb.,2013,0
Neb.,2014,1
Neb.,2015,3
Neb.,2016,0
Nev.,1928,0
Nev.,1929,0
Nev.,1930,0
Nev.,1931,0
Nev.,1932,0
Nev.,1933,0
Nev.,1934,0
Nev.,1935,0
Nev.,1936,0
Nev.,1937,0
Nev.,1938,0
Nev.,1939,0
Nev.,1940,0
Nev.,1941,275.84
Nev.,1942,811.69
Nev.,1943,397.32
Nev.,1944,244.43
Nev.,1945,71.8
Nev.,1946,125.9
Nev.,1947,18.45
Nev.,1948,38.12
Nev.,1949,60.53
Nev.,1950,67.9
Nev.,1951,171.48
Nev.,1952,285.31
Nev.,1953,102.3
Nev.,1954,182.19
Nev.,1955,165.37
Nev.,1956,55.2
Nev.,1957,592.31
Nev.,1958,73.6
Nev.,1959,220.09
Nev.,1960,262.89
Nev.,1961,197.74
Nev.,1962,191.47
Nev.,1963,67.74
Nev.,1964,233.77
Nev.,1965,50.71
Nev.,1966,14.34
Nev.,1967,59.9
Nev.,1968,1.74
Nev.,1969,0.21
Nev.,1970,4.03
Nev.,1971,1.28
Nev.,1972,0.18
Nev.,1973,0.17
Nev.,1974,26.76
Nev.,1975,4.3
Nev.,1976,12.4
Nev.,1977,10.87
Nev.,1978,2.6
Nev.,1979,2.61
Nev.,1980,1.43
Nev.,1981,1.58
Nev.,1982,0
Nev.,1983,0.22
Nev.,1984,0
Nev.,1985,0
Nev.,1986,0.3
Nev.,1987,0.19
Nev.,1988,0
Nev.,1989,0.99
Nev.,1990,17.71
Nev.,1991,1.47
Nev.,1992,0.07
Nev.,1993,0.07
Nev.,1994,0
Nev.,1995,0.06
Nev.,1996,0.24
Nev.,1997,0.06
Nev.,1998,0
Nev.,1999,0
Nev.,2000,0.35
Nev.,2001,0
Nev.,2002,0
Nev.,2003,0
Nev.,2004,0
Nev.,2005,0
Nev.,2006,0
Nev.,2007,0
Nev.,2008,0
Nev.,2009,0
Nev.,2010,1
Nev.,2011,1
Nev.,2012,0
Nev.,2013,0
Nev.,2014,0
Nev.,2015,9
Nev.,2016,0
N.H.,1928,272.15
N.H.,1929,344.53
N.H.,1930,126.38
N.H.,1931,299.15
N.H.,1932,151.26
N.H.,1933,218.48
N.H.,1934,846.7
N.H.,1935,55.13
N.H.,1936,185.39
N.H.,1937,393.13
N.H.,1938,341.34
N.H.,1939,133.99
N.H.,1940,147.66
N.H.,1941,201.98
N.H.,1942,167.14
N.H.,1943,211.18
N.H.,1944,126.01
N.H.,1945,33.9
N.H.,1946,226.71
N.H.,1947,61.04
N.H.,1948,77.54
N.H.,1949,230.6
N.H.,1950,34.4
N.H.,1951,196.44
N.H.,1952,447.27
N.H.,1953,50.71
N.H.,1954,168.21
N.H.,1955,831.44
N.H.,1956,35.34
N.H.,1957,69.01
N.H.,1958,368.01
N.H.,1959,76.52
N.H.,1960,186.36
N.H.,1961,234.64
N.H.,1962,163.62
N.H.,1963,6.44
N.H.,1964,134.65
N.H.,1965,55.03
N.H.,1966,11.59
N.H.,1967,3.86
N.H.,1968,21.01
N.H.,1969,27.1
N.H.,1970,8.4
N.H.,1971,26.65
N.H.,1972,98.96
N.H.,1973,90.34
N.H.,1974,20.26
N.H.,1975,2.39
N.H.,1976,1.13
N.H.,1977,29.05
N.H.,1978,7.15
N.H.,1979,3.18
N.H.,1980,26.69
N.H.,1981,0.98
N.H.,1982,0.5
N.H.,1983,0
N.H.,1984,3.3
N.H.,1985,0
N.H.,1986,2.62
N.H.,1987,16.24
N.H.,1988,10.23
N.H.,1989,1.44
N.H.,1990,0
N.H.,1991,0
N.H.,1992,1.44
N.H.,1993,0.18
N.H.,1994,0
N.H.,1995,0
N.H.,1996,0
N.H.,1997,1.93
N.H.,1998,0
N.H.,1999,0
N.H.,2000,0.24
N.H.,2001,0
N.H.,2002,0
N.H.,2003,0
N.H.,2004,0
N.H.,2005,1
N.H.,2006,1
N.H.,2007,0
N.H.,2008,0
N.H.,2009,0
N.H.,2010,0
N.H.,2011,1
N.H.,2012,0
N.H.,2013,0
N.H.,2014,0
N.H.,2015,0
N.H.,2016,0
N.J.,1928,797.14
N.J.,1929,181.86
N.J.,1930,602.87
N.J.,1931,494.19
N.J.,1932,373.96
N.J.,1933,726.94
N.J.,1934,359.92
N.J.,1935,792.91
N.J.,1936,215.06
N.J.,1937,1108.94
N.J.,1938,716.98
N.J.,1939,104.83
N.J.,1940,301.99
N.J.,1941,1044.54
N.J.,1942,322.1
N.J.,1943,927.14
N.J.,1944,658.66
N.J.,1945,78.87
N.J.,1946,1151.75
N.J.,1947,250.71
N.J.,1948,715.45
N.J.,1949,705.08
N.J.,1950,601.68
N.J.,1951,395.01
N.J.,1952,1282.7
N.J.,1953,81.21
N.J.,1954,445.79
N.J.,1955,937.1
N.J.,1956,340.37
N.J.,1957,458.1
N.J.,1958,429.08
N.J.,1959,502.21
N.J.,1960,175.27
N.J.,1961,293.59
N.J.,1962,510.19
N.J.,1963,160.62
N.J.,1964,176.38
N.J.,1965,61.18
N.J.,1966,29.39
N.J.,1967,8.8
N.J.,1968,9.74
N.J.,1969,13.46
N.J.,1970,23.46
N.J.,1971,17.39
N.J.,1972,5.64
N.J.,1973,10.1
N.J.,1974,75.03
N.J.,1975,6.48
N.J.,1976,8.56
N.J.,1977,2.67
N.J.,1978,1.01
N.J.,1979,0.66
N.J.,1980,8.92
N.J.,1981,0.77
N.J.,1982,0.08
N.J.,1983,0.36
N.J.,1984,0.07
N.J.,1985,0.31
N.J.,1986,11.6
N.J.,1987,0.5
N.J.,1988,4.25
N.J.,1989,5.28
N.J.,1990,2.47
N.J.,1991,13.05
N.J.,1992,0.4
N.J.,1993,0.06
N.J.,1994,1.68
N.J.,1995,0.04
N.J.,1996,0
N.J.,1997,0.02
N.J.,1998,0.08
N.J.,1999,0
N.J.,2000,0
N.J.,2001,0.01
N.J.,2002,0
N.J.,2003,0
N.J.,2004,2
N.J.,2005,2
N.J.,2006,1
N.J.,2007,1
N.J.,2008,1
N.J.,2009,2
N.J.,2010,0
N.J.,2011,4
N.J.,2012,2
N.J.,2013,15
N.J.,2014,3
N.J.,2015,3
N.J.,2016,0
N.M.,1928,663.41
N.M.,1929,54.78
N.M.,1930,529.23
N.M.,1931,324.57
N.M.,1932,271.9
N.M.,1933,148.8
N.M.,1934,731.9
N.M.,1935,147.97
N.M.,1936,234.94
N.M.,1937,487.27
N.M.,1938,628.89
N.M.,1939,316.1
N.M.,1940,216.63
N.M.,1941,778.1
N.M.,1942,315.64
N.M.,1943,105.71
N.M.,1944,303.73
N.M.,1945,67.9
N.M.,1946,215.41
N.M.,1947,226.78
N.M.,1948,174.64
N.M.,1949,671.44
N.M.,1950,136.02
N.M.,1951,297.51
N.M.,1952,210.63
N.M.,1953,662.89
N.M.,1954,355.99
N.M.,1955,621.75
N.M.,1956,495.32
N.M.,1957,747.33
N.M.,1958,912.17
N.M.,1959,484.03
N.M.,1960,6.81
N.M.,1961,2.07
N.M.,1962,0
N.M.,1963,0
N.M.,1964,111.15
N.M.,1965,68.59
N.M.,1966,126.32
N.M.,1967,61.2
N.M.,1968,17.64
N.M.,1969,28.3
N.M.,1970,28.59
N.M.,1971,37.27
N.M.,1972,12.07
N.M.,1973,14.03
N.M.,1974,5.35
N.M.,1975,9.07
N.M.,1976,1.3
N.M.,1977,1.92
N.M.,1978,0
N.M.,1979,3.15
N.M.,1980,0.99
N.M.,1981,1.1
N.M.,1982,0
N.M.,1983,0
N.M.,1984,5.09
N.M.,1985,0.28
N.M.,1986,2.6
N.M.,1987,10.55
N.M.,1988,0
N.M.,1989,1.4
N.M.,1990,6.66
N.M.,1991,4.92
N.M.,1992,0.06
N.M.,1993,0
N.M.,1994,0
N.M.,1995,1.82
N.M.,1996,0.96
N.M.,1997,0.4
N.M.,1998,0
N.M.,1999,0
N.M.,2000,0
N.M.,2001,0
N.M.,2002,0
N.M.,2003,0
N.M.,2004,0
N.M.,2005,0
N.M.,2006,0
N.M.,2007,1
N.M.,2008,1
N.M.,2009,0
N.M.,2010,0
N.M.,2011,4
N.M.,2012,2
N.M.,2013,0
N.M.,2014,1
N.M.,2015,0
N.M.,2016,0
N.Y.,1928,649.97
N.Y.,1929,249.09
N.Y.,1930,315.39
N.Y.,1931,423.22
N.Y.,1932,465.06
N.Y.,1933,549
N.Y.,1934,258.13
N.Y.,1935,516.43
N.Y.,1936,477.48
N.Y.,1937,202.81
N.Y.,1938,518.84
N.Y.,1939,331.36
N.Y.,1940,212.23
N.Y.,1941,789.51
N.Y.,1942,191.24
N.Y.,1943,478.18
N.Y.,1944,334.85
N.Y.,1945,52.41
N.Y.,1946,600.82
N.Y.,1947,108
N.Y.,1948,330.91
N.Y.,1949,353.09
N.Y.,1950,201.33
N.Y.,1951,240.63
N.Y.,1952,500.59
N.Y.,1953,74.14
N.Y.,1954,548.37
N.Y.,1955,241.44
N.Y.,1956,308.53
N.Y.,1957,233.63
N.Y.,1958,364.15
N.Y.,1959,140.21
N.Y.,1960,277.27
N.Y.,1961,207.29
N.Y.,1962,273
N.Y.,1963,107.71
N.Y.,1964,156.92
N.Y.,1965,52.37
N.Y.,1966,61.06
N.Y.,1967,6.68
N.Y.,1968,21.07
N.Y.,1969,30.48
N.Y.,1970,8.57
N.Y.,1971,23.92
N.Y.,1972,3.61
N.Y.,1973,9.79
N.Y.,1974,7.83
N.Y.,1975,6.83
N.Y.,1976,17.38
N.Y.,1977,26.19
N.Y.,1978,10.44
N.Y.,1979,8.94
N.Y.,1980,11.01
N.Y.,1981,1.97
N.Y.,1982,1.09
N.Y.,1983,0.21
N.Y.,1984,0.84
N.Y.,1985,0.92
N.Y.,1986,5.31
N.Y.,1987,2.47
N.Y.,1988,0.54
N.Y.,1989,1.63
N.Y.,1990,4.48
N.Y.,1991,7.8
N.Y.,1992,0.62
N.Y.,1993,0
N.Y.,1994,0.34
N.Y.,1995,0.02
N.Y.,1996,0
N.Y.,1997,0.14
N.Y.,1998,0
N.Y.,1999,0
N.Y.,2000,0.02
N.Y.,2001,0
N.Y.,2002,0.01
N.Y.,2003,0
N.Y.,2004,5
N.Y.,2005,7
N.Y.,2006,10
N.Y.,2007,7
N.Y.,2008,30
N.Y.,2009,18
N.Y.,2010,8
N.Y.,2011,32
N.Y.,2012,5
N.Y.,2013,65
N.Y.,2014,32
N.Y.,2015,7
N.Y.,2016,1
N.C.,1928,1823.69
N.C.,1929,38.49
N.C.,1930,41.17
N.C.,1931,480.48
N.C.,1932,423.04
N.C.,1933,495.59
N.C.,1934,1685.34
N.C.,1935,323.87
N.C.,1936,40.3
N.C.,1937,226.07
N.C.,1938,1383.37
N.C.,1939,664.5
N.C.,1940,210.27
N.C.,1941,658.4
N.C.,1942,564.86
N.C.,1943,165.96
N.C.,1944,671.48
N.C.,1945,72.5
N.C.,1946,225.16
N.C.,1947,127.63
N.C.,1948,26.97
N.C.,1949,442.46
N.C.,1950,118.87
N.C.,1951,81.37
N.C.,1952,93.5
N.C.,1953,115.47
N.C.,1954,229.32
N.C.,1955,29.68
N.C.,1956,178.8
N.C.,1957,43.64
N.C.,1958,93.73
N.C.,1959,73.12
N.C.,1960,27.06
N.C.,1961,110.7
N.C.,1962,19.27
N.C.,1963,30.53
N.C.,1964,26.32
N.C.,1965,8.59
N.C.,1966,15.88
N.C.,1967,19.03
N.C.,1968,6.48
N.C.,1969,7.46
N.C.,1970,19.47
N.C.,1971,35.89
N.C.,1972,0.71
N.C.,1973,0.12
N.C.,1974,0.12
N.C.,1975,0.06
N.C.,1976,0.35
N.C.,1977,0.93
N.C.,1978,2.15
N.C.,1979,1.97
N.C.,1980,2.21
N.C.,1981,0.1
N.C.,1982,0.04
N.C.,1983,0
N.C.,1984,0
N.C.,1985,0.14
N.C.,1986,0.07
N.C.,1987,0.23
N.C.,1988,0.03
N.C.,1989,2.99
N.C.,1990,0.71
N.C.,1991,0.64
N.C.,1992,0.36
N.C.,1993,0
N.C.,1994,0.04
N.C.,1995,0
N.C.,1996,0.05
N.C.,1997,0.02
N.C.,1998,0
N.C.,1999,0
N.C.,2000,0
N.C.,2001,0
N.C.,2002,0
N.C.,2003,0
N.C.,2004,2
N.C.,2005,0
N.C.,2006,0
N.C.,2007,3
N.C.,2008,0
N.C.,2009,0
N.C.,2010,0
N.C.,2011,2
N.C.,2012,0
N.C.,2013,22
N.C.,2014,1
N.C.,2015,0
N.C.,2016,1
N.D.,1928,55.73
N.D.,1929,339.19
N.D.,1930,117
N.D.,1931,142.06
N.D.,1932,318.07
N.D.,1933,373.64
N.D.,1934,657.63
N.D.,1935,290.45
N.D.,1936,16.52
N.D.,1937,8.4
N.D.,1938,863.45
N.D.,1939,843.21
N.D.,1940,149.05
N.D.,1941,223.2
N.D.,1942,274.08
N.D.,1943,798.53
N.D.,1944,644.36
N.D.,1945,64.11
N.D.,1946,40.84
N.D.,1947,236.08
N.D.,1948,214.45
N.D.,1949,245.95
N.D.,1950,63.62
N.D.,1951,426.98
N.D.,1952,432.14
N.D.,1953,254.43
N.D.,1954,454.18
N.D.,1955,407.81
N.D.,1956,362.47
N.D.,1957,629.25
N.D.,1958,714.58
N.D.,1959,899.54
N.D.,1960,390.56
N.D.,1961,439
N.D.,1962,583.22
N.D.,1963,677.98
N.D.,1964,813.23
N.D.,1965,623.26
N.D.,1966,212.64
N.D.,1967,143.16
N.D.,1968,22.83
N.D.,1969,13.03
N.D.,1970,51.25
N.D.,1971,36.17
N.D.,1972,9.49
N.D.,1973,11.22
N.D.,1974,5.82
N.D.,1975,131.87
N.D.,1976,0.46
N.D.,1977,4.74
N.D.,1978,27.44
N.D.,1979,2.6
N.D.,1980,0
N.D.,1981,0
N.D.,1982,0
N.D.,1983,0
N.D.,1984,0
N.D.,1985,0.15
N.D.,1986,3.17
N.D.,1987,0
N.D.,1988,0
N.D.,1989,0
N.D.,1990,0
N.D.,1991,0
N.D.,1992,0
N.D.,1993,0
N.D.,1994,0
N.D.,1995,0
N.D.,1996,0
N.D.,1997,0.15
N.D.,1998,0
N.D.,1999,0
N.D.,2000,0
N.D.,2001,0
N.D.,2002,0
N.D.,2003,0
N.D.,2004,0
N.D.,2005,0
N.D.,2006,0
N.D.,2007,0
N.D.,2008,0
N.D.,2009,0
N.D.,2010,0
N.D.,2011,1
N.D.,2012,0
N.D.,2013,0
N.D.,2014,0
N.D.,2015,0
N.D.,2016,0
Ohio,1928,355.92
Ohio,1929,561.14
Ohio,1930,277.6
Ohio,1931,291.32
Ohio,1932,539.34
Ohio,1933,233.67
Ohio,1934,410.5
Ohio,1935,544.79
Ohio,1936,136.53
Ohio,1937,366.37
Ohio,1938,694.27
Ohio,1939,74
Ohio,1940,22.4
Ohio,1941,1132.77
Ohio,1942,127.08
Ohio,1943,276.41
Ohio,1944,557.93
Ohio,1945,49.82
Ohio,1946,200.43
Ohio,1947,239.45
Ohio,1948,282.32
Ohio,1949,268.29
Ohio,1950,161.84
Ohio,1951,295.76
Ohio,1952,248
Ohio,1953,314.96
Ohio,1954,322.29
Ohio,1955,170.31
Ohio,1956,477.29
Ohio,1957,86.94
Ohio,1958,312.78
Ohio,1959,124.39
Ohio,1960,191.15
Ohio,1961,208.73
Ohio,1962,118.46
Ohio,1963,146.63
Ohio,1964,191.15
Ohio,1965,90.96
Ohio,1966,63.04
Ohio,1967,11.74
Ohio,1968,3.25
Ohio,1969,5.38
Ohio,1970,37.7
Ohio,1971,37.07
Ohio,1972,2.82
Ohio,1973,3.77
Ohio,1974,27.44
Ohio,1975,1.1
Ohio,1976,6.76
Ohio,1977,17.29
Ohio,1978,4.67
Ohio,1979,3.02
Ohio,1980,3.54
Ohio,1981,0.2
Ohio,1982,0.03
Ohio,1983,0.83
Ohio,1984,0.1
Ohio,1985,0
Ohio,1986,0
Ohio,1987,0.01
Ohio,1988,0.88
Ohio,1989,25.09
Ohio,1990,5.22
Ohio,1991,0.11
Ohio,1992,0.05
Ohio,1993,0.11
Ohio,1994,0.04
Ohio,1995,0.02
Ohio,1996,0.06
Ohio,1997,0.3
Ohio,1998,0
Ohio,1999,0
Ohio,2000,0.03
Ohio,2001,0.01
Ohio,2002,0
Ohio,2003,0
Ohio,2004,0
Ohio,2005,3
Ohio,2006,0
Ohio,2007,0
Ohio,2008,0
Ohio,2009,1
Ohio,2010,2
Ohio,2011,0
Ohio,2012,1
Ohio,2013,0
Ohio,2014,382
Ohio,2015,1
Ohio,2016,0
Okla.,1928,268.71
Okla.,1929,46.19
Okla.,1930,164.93
Okla.,1931,32.17
Okla.,1932,43.17
Okla.,1933,101.87
Okla.,1934,378.08
Okla.,1935,102.91
Okla.,1936,15.22
Okla.,1937,45.62
Okla.,1938,116.62
Okla.,1939,194.44
Okla.,1940,60.4
Okla.,1941,88.78
Okla.,1942,260.92
Okla.,1943,76.06
Okla.,1944,166.8
Okla.,1945,51.13
Okla.,1946,188.97
Okla.,1947,10.79
Okla.,1948,66.02
Okla.,1949,354.07
Okla.,1950,27.43
Okla.,1951,359.94
Okla.,1952,92.03
Okla.,1953,173.09
Okla.,1954,152.18
Okla.,1955,132.27
Okla.,1956,440.45
Okla.,1957,66.1
Okla.,1958,317.88
Okla.,1959,29.15
Okla.,1960,51.72
Okla.,1961,25.07
Okla.,1962,86.46
Okla.,1963,14.17
Okla.,1964,42.41
Okla.,1965,9.97
Okla.,1966,25.25
Okla.,1967,32.35
Okla.,1968,4.96
Okla.,1969,5.63
Okla.,1970,30.63
Okla.,1971,25.06
Okla.,1972,0.5
Okla.,1973,2.46
Okla.,1974,1.1
Okla.,1975,9.64
Okla.,1976,9.99
Okla.,1977,1.72
Okla.,1978,0.91
Okla.,1979,0.85
Okla.,1980,22.66
Okla.,1981,0.24
Okla.,1982,0.99
Okla.,1983,0.03
Okla.,1984,0.27
Okla.,1985,0
Okla.,1986,0.99
Okla.,1987,0.12
Okla.,1988,0.25
Okla.,1989,4.03
Okla.,1990,5.6
Okla.,1991,0
Okla.,1992,0.25
Okla.,1993,0
Okla.,1994,0
Okla.,1995,0
Okla.,1996,0
Okla.,1997,0
Okla.,1998,0
Okla.,1999,0
Okla.,2000,0
Okla.,2001,0
Okla.,2002,0
Okla.,2003,0
Okla.,2004,0
Okla.,2005,0
Okla.,2006,0
Okla.,2007,0
Okla.,2008,0
Okla.,2009,0
Okla.,2010,0
Okla.,2011,0
Okla.,2012,0
Okla.,2013,0
Okla.,2014,0
Okla.,2015,1
Okla.,2016,0
Ore.,1928,223.09
Ore.,1929,492.32
Ore.,1930,276.36
Ore.,1931,242.56
Ore.,1932,514.2
Ore.,1933,230.37
Ore.,1934,193.5
Ore.,1935,705.43
Ore.,1936,919.15
Ore.,1937,38.19
Ore.,1938,121.89
Ore.,1939,219.8
Ore.,1940,671.12
Ore.,1941,607.51
Ore.,1942,499.14
Ore.,1943,693.95
Ore.,1944,239.87
Ore.,1945,156.32
Ore.,1946,453.37
Ore.,1947,71.91
Ore.,1948,367.6
Ore.,1949,684.38
Ore.,1950,49.38
Ore.,1951,617.84
Ore.,1952,209.73
Ore.,1953,558.14
Ore.,1954,244.37
Ore.,1955,295.16
Ore.,1956,135.02
Ore.,1957,879.25
Ore.,1958,529.02
Ore.,1959,447.57
Ore.,1960,624.94
Ore.,1961,322.05
Ore.,1962,766.23
Ore.,1963,258.3
Ore.,1964,453.01
Ore.,1965,181.74
Ore.,1966,126.91
Ore.,1967,86.72
Ore.,1968,30.7
Ore.,1969,9.83
Ore.,1970,21.15
Ore.,1971,15.97
Ore.,1972,8.95
Ore.,1973,19.52
Ore.,1974,1.03
Ore.,1975,8.43
Ore.,1976,7.12
Ore.,1977,12.77
Ore.,1978,20.58
Ore.,1979,2.78
Ore.,1980,0.08
Ore.,1981,0.2
Ore.,1982,0.72
Ore.,1983,0.4
Ore.,1984,0
Ore.,1985,0.19
Ore.,1986,0.26
Ore.,1987,3.01
Ore.,1988,1.3
Ore.,1989,1.45
Ore.,1990,1.35
Ore.,1991,2.78
Ore.,1992,0.29
Ore.,1993,0
Ore.,1994,0
Ore.,1995,0.09
Ore.,1996,0.33
Ore.,1997,0.09
Ore.,1998,0
Ore.,1999,0.15
Ore.,2000,0
Ore.,2001,0.18
Ore.,2002,0
Ore.,2003,0
Ore.,2004,0
Ore.,2005,2
Ore.,2006,2
Ore.,2007,1
Ore.,2008,1
Ore.,2009,0
Ore.,2010,0
Ore.,2011,3
Ore.,2012,1
Ore.,2013,6
Ore.,2014,6
Ore.,2015,0
Ore.,2016,0
Pa.,1928,583.95
Pa.,1929,489.56
Pa.,1930,356.56
Pa.,1931,821.6
Pa.,1932,470.69
Pa.,1933,336.38
Pa.,1934,848.11
Pa.,1935,917.36
Pa.,1936,243.53
Pa.,1937,390.89
Pa.,1938,1329.75
Pa.,1939,186.57
Pa.,1940,148.62
Pa.,1941,1011.32
Pa.,1942,380.42
Pa.,1943,563.08
Pa.,1944,256.56
Pa.,1945,127.31
Pa.,1946,611.47
Pa.,1947,113.41
Pa.,1948,306.69
Pa.,1949,483.96
Pa.,1950,165.44
Pa.,1951,299.86
Pa.,1952,358.5
Pa.,1953,146.18
Pa.,1954,351.84
Pa.,1955,170.43
Pa.,1956,397.95
Pa.,1957,117.09
Pa.,1958,307.18
Pa.,1959,247.52
Pa.,1960,59.7
Pa.,1961,226.11
Pa.,1962,83.08
Pa.,1963,106.13
Pa.,1964,101.85
Pa.,1965,57.21
Pa.,1966,47.16
Pa.,1967,6.81
Pa.,1968,2.54
Pa.,1969,10.66
Pa.,1970,17.65
Pa.,1971,15.63
Pa.,1972,0.61
Pa.,1973,3.44
Pa.,1974,7.74
Pa.,1975,4.78
Pa.,1976,28.5
Pa.,1977,27.09
Pa.,1978,2.81
Pa.,1979,0.57
Pa.,1980,9.49
Pa.,1981,4.33
Pa.,1982,0.07
Pa.,1983,0
Pa.,1984,0.04
Pa.,1985,0.33
Pa.,1986,0.25
Pa.,1987,0.26
Pa.,1988,4.4
Pa.,1989,2
Pa.,1990,3.77
Pa.,1991,11.72
Pa.,1992,0.08
Pa.,1993,0
Pa.,1994,0.07
Pa.,1995,0.01
Pa.,1996,0.1
Pa.,1997,0.13
Pa.,1998,0.03
Pa.,1999,0
Pa.,2000,0
Pa.,2001,0.05
Pa.,2002,0
Pa.,2003,0
Pa.,2004,0
Pa.,2005,0
Pa.,2006,2
Pa.,2007,3
Pa.,2008,1
Pa.,2009,14
Pa.,2010,2
Pa.,2011,13
Pa.,2012,2
Pa.,2013,0
Pa.,2014,3
Pa.,2015,1
Pa.,2016,0
R.I.,1928,735.32
R.I.,1929,270.62
R.I.,1930,39.23
R.I.,1931,665.05
R.I.,1932,1472.69
R.I.,1933,9.36
R.I.,1934,65.79
R.I.,1935,994.05
R.I.,1936,368.69
R.I.,1937,679.22
R.I.,1938,35.95
R.I.,1939,416.85
R.I.,1940,467.72
R.I.,1941,57.67
R.I.,1942,609.25
R.I.,1943,296.39
R.I.,1944,535.99
R.I.,1945,55.54
R.I.,1946,160.61
R.I.,1947,507.34
R.I.,1948,48.43
R.I.,1949,561.61
R.I.,1950,30.68
R.I.,1951,113.3
R.I.,1952,665.78
R.I.,1953,61.97
R.I.,1954,223.67
R.I.,1955,657.21
R.I.,1956,22.43
R.I.,1957,72.67
R.I.,1958,496.84
R.I.,1959,35.92
R.I.,1960,227.84
R.I.,1961,766.11
R.I.,1962,378.97
R.I.,1963,139.6
R.I.,1964,279.32
R.I.,1965,444.82
R.I.,1966,9.75
R.I.,1967,6.82
R.I.,1968,7.28
R.I.,1969,2.9
R.I.,1970,11.4
R.I.,1971,24.72
R.I.,1972,52.25
R.I.,1973,68.09
R.I.,1974,6.58
R.I.,1975,0.54
R.I.,1976,2.23
R.I.,1977,6.76
R.I.,1978,0.85
R.I.,1979,10.88
R.I.,1980,0.2
R.I.,1981,0
R.I.,1982,0
R.I.,1983,0
R.I.,1984,0
R.I.,1985,0
R.I.,1986,0.2
R.I.,1987,0.2
R.I.,1988,0
R.I.,1989,3.9
R.I.,1990,2.99
R.I.,1991,0.4
R.I.,1992,2.28
R.I.,1993,0.1
R.I.,1994,0.7
R.I.,1995,0.49
R.I.,1996,0
R.I.,1997,0.49
R.I.,1998,0
R.I.,1999,0
R.I.,2000,0
R.I.,2001,0
R.I.,2002,0
R.I.,2003,0
R.I.,2004,0
R.I.,2005,0
R.I.,2006,0
R.I.,2007,0
R.I.,2008,0
R.I.,2009,0
R.I.,2010,0
R.I.,2011,1
R.I.,2012,0
R.I.,2013,1
R.I.,2014,0
R.I.,2015,0
R.I.,2016,0
S.C.,1928,1138.49
S.C.,1929,12.2
S.C.,1930,14.45
S.C.,1931,189.95
S.C.,1932,182.58
S.C.,1933,360.64
S.C.,1934,637.61
S.C.,1935,46.26
S.C.,1936,48.24
S.C.,1937,99.18
S.C.,1938,373.4
S.C.,1939,60.34
S.C.,1940,32.32
S.C.,1941,481.97
S.C.,1942,218.23
S.C.,1943,153.66
S.C.,1944,363.6
S.C.,1945,78.91
S.C.,1946,358.19
S.C.,1947,161.86
S.C.,1948,120.65
S.C.,1949,453.08
S.C.,1950,90.62
S.C.,1951,34.31
S.C.,1952,81.69
S.C.,1953,89.38
S.C.,1954,254.91
S.C.,1955,53.33
S.C.,1956,384.74
S.C.,1957,248.22
S.C.,1958,472.18
S.C.,1959,82.91
S.C.,1960,53.68
S.C.,1961,136.63
S.C.,1962,38.4
S.C.,1963,95.75
S.C.,1964,161.62
S.C.,1965,50.55
S.C.,1966,26.31
S.C.,1967,20.44
S.C.,1968,1.52
S.C.,1969,5.34
S.C.,1970,24.01
S.C.,1971,32.77
S.C.,1972,7.63
S.C.,1973,2.86
S.C.,1974,1.96
S.C.,1975,0.57
S.C.,1976,0.15
S.C.,1977,3.28
S.C.,1978,6.44
S.C.,1979,3.35
S.C.,1980,5.02
S.C.,1981,0
S.C.,1982,0
S.C.,1983,0
S.C.,1984,0
S.C.,1985,0.03
S.C.,1986,7.54
S.C.,1987,0.06
S.C.,1988,0
S.C.,1989,0.52
S.C.,1990,0.12
S.C.,1991,0.37
S.C.,1992,0.8
S.C.,1993,0
S.C.,1994,0
S.C.,1995,0
S.C.,1996,0
S.C.,1997,0.05
S.C.,1998,0
S.C.,1999,0
S.C.,2000,0
S.C.,2001,0
S.C.,2002,0
S.C.,2003,0
S.C.,2004,0
S.C.,2005,0
S.C.,2006,0
S.C.,2007,0
S.C.,2008,0
S.C.,2009,0
S.C.,2010,0
S.C.,2011,0
S.C.,2012,0
S.C.,2013,0
S.C.,2014,0
S.C.,2015,0
S.C.,2016,0
S.D.,1928,160.16
S.D.,1929,167.77
S.D.,1930,346.31
S.D.,1931,212.36
S.D.,1932,96.37
S.D.,1933,299.08
S.D.,1934,1373.94
S.D.,1935,167.25
S.D.,1936,33.6
S.D.,1937,9.84
S.D.,1938,212.46
S.D.,1939,1173.78
S.D.,1940,253.83
S.D.,1941,61.34
S.D.,1942,143.09
S.D.,1943,507.31
S.D.,1944,258.73
S.D.,1945,100.63
S.D.,1946,189.69
S.D.,1947,218.3
S.D.,1948,140.26
S.D.,1949,157.39
S.D.,1950,102.59
S.D.,1951,106.72
S.D.,1952,115.26
S.D.,1953,68.81
S.D.,1954,123.53
S.D.,1955,63.59
S.D.,1956,86.75
S.D.,1957,81.49
S.D.,1958,18.41
S.D.,1959,129.12
S.D.,1960,17.59
S.D.,1961,21.72
S.D.,1962,64.25
S.D.,1963,12.53
S.D.,1964,9.86
S.D.,1965,16.73
S.D.,1966,5.87
S.D.,1967,8.67
S.D.,1968,0.6
S.D.,1969,7.64
S.D.,1970,15.79
S.D.,1971,31.34
S.D.,1972,1.78
S.D.,1973,0.44
S.D.,1974,4.12
S.D.,1975,51.88
S.D.,1976,0.74
S.D.,1977,10.62
S.D.,1978,0
S.D.,1979,0.28
S.D.,1980,0
S.D.,1981,0
S.D.,1982,0
S.D.,1983,0
S.D.,1984,0
S.D.,1985,0
S.D.,1986,0
S.D.,1987,0
S.D.,1988,0
S.D.,1989,0
S.D.,1990,2.29
S.D.,1991,0
S.D.,1992,0
S.D.,1993,0
S.D.,1994,0
S.D.,1995,0
S.D.,1996,0
S.D.,1997,1.2
S.D.,1998,0
S.D.,1999,0
S.D.,2000,0
S.D.,2001,0
S.D.,2002,0
S.D.,2003,0
S.D.,2004,0
S.D.,2005,0
S.D.,2006,0
S.D.,2007,0
S.D.,2008,0
S.D.,2009,0
S.D.,2010,0
S.D.,2011,0
S.D.,2012,0
S.D.,2013,0
S.D.,2014,8
S.D.,2015,2
S.D.,2016,0
Tenn.,1928,315.43
Tenn.,1929,33.04
Tenn.,1930,179.91
Tenn.,1931,134.79
Tenn.,1932,68.99
Tenn.,1933,133.48
Tenn.,1934,647.85
Tenn.,1935,51.31
Tenn.,1936,50.18
Tenn.,1937,106.41
Tenn.,1938,403.65
Tenn.,1939,108.43
Tenn.,1940,95.17
Tenn.,1941,278.13
Tenn.,1942,106.34
Tenn.,1943,194.95
Tenn.,1944,184.38
Tenn.,1945,65.8
Tenn.,1946,150.47
Tenn.,1947,61
Tenn.,1948,127.54
Tenn.,1949,252.76
Tenn.,1950,104.1
Tenn.,1951,80.64
Tenn.,1952,200.48
Tenn.,1953,84.73
Tenn.,1954,416.4
Tenn.,1955,172.07
Tenn.,1956,617
Tenn.,1957,455.99
Tenn.,1958,793.55
Tenn.,1959,275.98
Tenn.,1960,535.9
Tenn.,1961,403.1
Tenn.,1962,666.32
Tenn.,1963,183.55
Tenn.,1964,629.43
Tenn.,1965,238.12
Tenn.,1966,332.74
Tenn.,1967,53.62
Tenn.,1968,1.73
Tenn.,1969,0.53
Tenn.,1970,13.53
Tenn.,1971,24.69
Tenn.,1972,4.66
Tenn.,1973,3.9
Tenn.,1974,1.29
Tenn.,1975,4.09
Tenn.,1976,4.8
Tenn.,1977,15.75
Tenn.,1978,22.26
Tenn.,1979,1.73
Tenn.,1980,3.83
Tenn.,1981,0.08
Tenn.,1982,0.12
Tenn.,1983,0.02
Tenn.,1984,0
Tenn.,1985,0
Tenn.,1986,1.2
Tenn.,1987,0
Tenn.,1988,0.02
Tenn.,1989,2.85
Tenn.,1990,1.93
Tenn.,1991,0.2
Tenn.,1992,0
Tenn.,1993,0
Tenn.,1994,0.53
Tenn.,1995,0
Tenn.,1996,0.04
Tenn.,1997,0.05
Tenn.,1998,0
Tenn.,1999,0
Tenn.,2000,0
Tenn.,2001,0
Tenn.,2002,0
Tenn.,2003,0
Tenn.,2004,0
Tenn.,2005,1
Tenn.,2006,0
Tenn.,2007,0
Tenn.,2008,0
Tenn.,2009,1
Tenn.,2010,0
Tenn.,2011,3
Tenn.,2012,0
Tenn.,2013,0
Tenn.,2014,4
Tenn.,2015,0
Tenn.,2016,7
Texas,1928,97.35
Texas,1929,71.28
Texas,1930,73.12
Texas,1931,39.56
Texas,1932,76.58
Texas,1933,361.4
Texas,1934,490.66
Texas,1935,64.07
Texas,1936,125.58
Texas,1937,235.14
Texas,1938,95.34
Texas,1939,115.98
Texas,1940,249.88
Texas,1941,308.34
Texas,1942,517.23
Texas,1943,233.42
Texas,1944,542.2
Texas,1945,188.86
Texas,1946,410.13
Texas,1947,109.48
Texas,1948,583.88
Texas,1949,749.48
Texas,1950,175.65
Texas,1951,808.78
Texas,1952,283.26
Texas,1953,885.82
Texas,1954,906.12
Texas,1955,455.73
Texas,1956,755.24
Texas,1957,471.87
Texas,1958,889.53
Texas,1959,360.65
Texas,1960,516.19
Texas,1961,164.07
Texas,1962,665.61
Texas,1963,164.36
Texas,1964,383.18
Texas,1965,284.32
Texas,1966,239.95
Texas,1967,125.32
Texas,1968,47.58
Texas,1969,44.87
Texas,1970,72.35
Texas,1971,77.41
Texas,1972,13.17
Texas,1973,4.06
Texas,1974,1.43
Texas,1975,2.23
Texas,1976,2.04
Texas,1977,13.99
Texas,1978,7.54
Texas,1979,4.54
Texas,1980,1.34
Texas,1981,6.03
Texas,1982,1.15
Texas,1983,0.24
Texas,1984,3.33
Texas,1985,2.56
Texas,1986,2.27
Texas,1987,2.51
Texas,1988,0.09
Texas,1989,18.43
Texas,1990,22.86
Texas,1991,1.23
Texas,1992,5.67
Texas,1993,0.06
Texas,1994,0.1
Texas,1995,0.09
Texas,1996,0.18
Texas,1997,0.07
Texas,1998,0
Texas,1999,0.01
Texas,2000,0
Texas,2001,0
Texas,2002,0
Texas,2003,0
Texas,2004,0
Texas,2005,3
Texas,2006,0
Texas,2007,7
Texas,2008,0
Texas,2009,1
Texas,2010,0
Texas,2011,6
Texas,2012,0
Texas,2013,27
Texas,2014,10
Texas,2015,1
Texas,2016,1
Utah,1928,16.83
Utah,1929,68.9
Utah,1930,1044.79
Utah,1931,29.72
Utah,1932,13.91
Utah,1933,402.1
Utah,1934,2184.87
Utah,1935,50.16
Utah,1936,117.89
Utah,1937,396.79
Utah,1938,1808.86
Utah,1939,1002.23
Utah,1940,1363.22
Utah,1941,281.09
Utah,1942,2589.06
Utah,1943,1211.27
Utah,1944,200.67
Utah,1945,746.1
Utah,1946,1244.57
Utah,1947,99.24
Utah,1948,910.94
Utah,1949,526.54
Utah,1950,879.2
Utah,1951,331.4
Utah,1952,652.51
Utah,1953,775.41
Utah,1954,1043.86
Utah,1955,101.05
Utah,1956,284.17
Utah,1957,1749.89
Utah,1958,458.83
Utah,1959,670.89
Utah,1960,551.77
Utah,1961,179.6
Utah,1962,430.57
Utah,1963,316.23
Utah,1964,260.75
Utah,1965,444.86
Utah,1966,68.2
Utah,1967,37.81
Utah,1968,2.04
Utah,1969,1.09
Utah,1970,3.52
Utah,1971,30.04
Utah,1972,13.71
Utah,1973,10.74
Utah,1974,1.21
Utah,1975,27.85
Utah,1976,166.51
Utah,1977,1.75
Utah,1978,3.24
Utah,1979,1.52
Utah,1980,2.98
Utah,1981,0
Utah,1982,0.19
Utah,1983,0.61
Utah,1984,1.69
Utah,1985,0
Utah,1986,0.78
Utah,1987,0
Utah,1988,0
Utah,1989,6.9
Utah,1990,8.5
Utah,1991,12.36
Utah,1992,0
Utah,1993,0
Utah,1994,7.8
Utah,1995,0
Utah,1996,5.77
Utah,1997,0.05
Utah,1998,0
Utah,1999,0.1
Utah,2000,0.13
Utah,2001,0
Utah,2002,0
Utah,2003,0
Utah,2004,0
Utah,2005,0
Utah,2006,0
Utah,2007,0
Utah,2008,0
Utah,2009,0
Utah,2010,0
Utah,2011,13
Utah,2012,1
Utah,2013,0
Utah,2014,3
Utah,2015,1
Utah,2016,1
Vt.,1928,334.8
Vt.,1929,105.31
Vt.,1930,236.69
Vt.,1931,318.4
Vt.,1932,1146.08
Vt.,1933,312.58
Vt.,1934,380.66
Vt.,1935,389.3
Vt.,1936,2974.79
Vt.,1937,289.31
Vt.,1938,1652.64
Vt.,1939,1029.19
Vt.,1940,241.07
Vt.,1941,384.64
Vt.,1942,1071.29
Vt.,1943,2323.73
Vt.,1944,751.46
Vt.,1945,179.96
Vt.,1946,858.63
Vt.,1947,1348.83
Vt.,1948,407.12
Vt.,1949,1711.37
Vt.,1950,157.47
Vt.,1951,1130.93
Vt.,1952,1397.32
Vt.,1953,148.93
Vt.,1954,760.21
Vt.,1955,1894.94
Vt.,1956,340.86
Vt.,1957,761.46
Vt.,1958,549.2
Vt.,1959,525.59
Vt.,1960,893.32
Vt.,1961,295.88
Vt.,1962,518.32
Vt.,1963,405.8
Vt.,1964,596.77
Vt.,1965,360.66
Vt.,1966,79.16
Vt.,1967,9.96
Vt.,1968,1.85
Vt.,1969,0.69
Vt.,1970,1.98
Vt.,1971,26.6
Vt.,1972,17.07
Vt.,1973,25.57
Vt.,1974,11.88
Vt.,1975,15.28
Vt.,1976,34.37
Vt.,1977,47.16
Vt.,1978,10.52
Vt.,1979,23.31
Vt.,1980,41.88
Vt.,1981,0.38
Vt.,1982,0.38
Vt.,1983,0
Vt.,1984,0.76
Vt.,1985,0
Vt.,1986,0
Vt.,1987,3.99
Vt.,1988,0
Vt.,1989,0.18
Vt.,1990,0
Vt.,1991,0.71
Vt.,1992,0
Vt.,1993,5.36
Vt.,1994,0.17
Vt.,1995,0
Vt.,1996,0.17
Vt.,1997,9.88
Vt.,1998,0
Vt.,1999,0
Vt.,2000,0.16
Vt.,2001,0.16
Vt.,2002,0
Vt.,2003,0
Vt.,2004,0
Vt.,2005,0
Vt.,2006,0
Vt.,2007,0
Vt.,2008,0
Vt.,2009,0
Vt.,2010,0
Vt.,2011,1
Vt.,2012,0
Vt.,2013,0
Vt.,2014,0
Vt.,2015,0
Vt.,2016,0
Va.,1928,0
Va.,1929,0
Va.,1930,0
Va.,1931,0
Va.,1932,53.4
Va.,1933,351.88
Va.,1934,1158.76
Va.,1935,727.35
Va.,1936,127.83
Va.,1937,337.39
Va.,1938,475.81
Va.,1939,394.24
Va.,1940,203.84
Va.,1941,1035.28
Va.,1942,177.59
Va.,1943,341.34
Va.,1944,475.42
Va.,1945,64.45
Va.,1946,385.83
Va.,1947,242.18
Va.,1948,191.3
Va.,1949,649.31
Va.,1950,85.42
Va.,1951,408.71
Va.,1952,376.52
Va.,1953,138.96
Va.,1954,673.56
Va.,1955,120.1
Va.,1956,634.53
Va.,1957,128.67
Va.,1958,550.15
Va.,1959,349.29
Va.,1960,185.6
Va.,1961,285.95
Va.,1962,231.09
Va.,1963,172.45
Va.,1964,274.81
Va.,1965,93.32
Va.,1966,50.58
Va.,1967,51.99
Va.,1968,9.49
Va.,1969,20.26
Va.,1970,51.91
Va.,1971,32.37
Va.,1972,1.54
Va.,1973,8.74
Va.,1974,0.86
Va.,1975,0.85
Va.,1976,16.49
Va.,1977,50.79
Va.,1978,49.89
Va.,1979,6.01
Va.,1980,6.57
Va.,1981,0.24
Va.,1982,0.15
Va.,1983,0.37
Va.,1984,0.07
Va.,1985,0.47
Va.,1986,0.85
Va.,1987,0.02
Va.,1988,3.48
Va.,1989,0.42
Va.,1990,1.22
Va.,1991,0.36
Va.,1992,0.25
Va.,1993,0
Va.,1994,0.04
Va.,1995,0
Va.,1996,0.01
Va.,1997,0.03
Va.,1998,0
Va.,1999,0.25
Va.,2000,0.03
Va.,2001,0.01
Va.,2002,0
Va.,2003,0
Va.,2004,0
Va.,2005,0
Va.,2006,0
Va.,2007,0
Va.,2008,1
Va.,2009,1
Va.,2010,3
Va.,2011,7
Va.,2012,0
Va.,2013,0
Va.,2014,2
Va.,2015,1
Va.,2016,0
Wash.,1928,344.82
Wash.,1929,248.6
Wash.,1930,631.64
Wash.,1931,197.43
Wash.,1932,631.93
Wash.,1933,155.84
Wash.,1934,473.84
Wash.,1935,525.47
Wash.,1936,463.74
Wash.,1937,103.34
Wash.,1938,112.23
Wash.,1939,1158.16
Wash.,1940,919.59
Wash.,1941,118.23
Wash.,1942,645.64
Wash.,1943,765.07
Wash.,1944,264.04
Wash.,1945,291.68
Wash.,1946,513.61
Wash.,1947,63.82
Wash.,1948,482.29
Wash.,1949,551.2
Wash.,1950,142.61
Wash.,1951,733.32
Wash.,1952,243.78
Wash.,1953,473.15
Wash.,1954,857.47
Wash.,1955,425.03
Wash.,1956,481.3
Wash.,1957,614.37
Wash.,1958,384.18
Wash.,1959,512.47
Wash.,1960,456.2
Wash.,1961,301.32
Wash.,1962,704.07
Wash.,1963,166.94
Wash.,1964,674.69
Wash.,1965,255.7
Wash.,1966,166.67
Wash.,1967,178.9
Wash.,1968,18.25
Wash.,1969,1.68
Wash.,1970,19.71
Wash.,1971,33.15
Wash.,1972,28.37
Wash.,1973,25.03
Wash.,1974,2.22
Wash.,1975,8.14
Wash.,1976,10.26
Wash.,1977,12.41
Wash.,1978,10.62
Wash.,1979,25.15
Wash.,1980,4.05
Wash.,1981,0.1
Wash.,1982,0.85
Wash.,1983,0.7
Wash.,1984,3.91
Wash.,1985,1.99
Wash.,1986,4.71
Wash.,1987,1.01
Wash.,1988,0.15
Wash.,1989,1.06
Wash.,1990,6.71
Wash.,1991,1.53
Wash.,1992,0
Wash.,1993,0
Wash.,1994,0
Wash.,1995,0.39
Wash.,1996,0.92
Wash.,1997,0.27
Wash.,1998,0
Wash.,1999,0
Wash.,2000,0
Wash.,2001,0
Wash.,2002,0
Wash.,2003,0
Wash.,2004,7
Wash.,2005,2
Wash.,2006,2
Wash.,2007,3
Wash.,2008,19
Wash.,2009,1
Wash.,2010,1
Wash.,2011,4
Wash.,2012,0
Wash.,2013,4
Wash.,2014,33
Wash.,2015,10
Wash.,2016,0
W.Va.,1928,195.98
W.Va.,1929,380.14
W.Va.,1930,157.7
W.Va.,1931,291.38
W.Va.,1932,599.65
W.Va.,1933,303.34
W.Va.,1934,231.8
W.Va.,1935,605.9
W.Va.,1936,63.26
W.Va.,1937,110.04
W.Va.,1938,595.16
W.Va.,1939,99.07
W.Va.,1940,29.79
W.Va.,1941,592.24
W.Va.,1942,303.79
W.Va.,1943,133.75
W.Va.,1944,497.22
W.Va.,1945,79.64
W.Va.,1946,140.56
W.Va.,1947,143.62
W.Va.,1948,295.53
W.Va.,1949,188.45
W.Va.,1950,293.19
W.Va.,1951,227.24
W.Va.,1952,270
W.Va.,1953,309.56
W.Va.,1954,512.01
W.Va.,1955,204.22
W.Va.,1956,587.09
W.Va.,1957,185.11
W.Va.,1958,657.2
W.Va.,1959,406.39
W.Va.,1960,190.39
W.Va.,1961,429.01
W.Va.,1962,551.12
W.Va.,1963,696.29
W.Va.,1964,518.7
W.Va.,1965,832.69
W.Va.,1966,313.45
W.Va.,1967,84.57
W.Va.,1968,20.5
W.Va.,1969,13.82
W.Va.,1970,19.73
W.Va.,1971,31.99
W.Va.,1972,15.51
W.Va.,1973,12.58
W.Va.,1974,12.68
W.Va.,1975,11.73
W.Va.,1976,11.01
W.Va.,1977,13.87
W.Va.,1978,45.55
W.Va.,1979,4.54
W.Va.,1980,1.75
W.Va.,1981,0.6
W.Va.,1982,0.1
W.Va.,1983,0.05
W.Va.,1984,0
W.Va.,1985,2.51
W.Va.,1986,0.11
W.Va.,1987,0
W.Va.,1988,0.33
W.Va.,1989,2.95
W.Va.,1990,0.33
W.Va.,1991,0
W.Va.,1992,0
W.Va.,1993,0
W.Va.,1994,1.98
W.Va.,1995,0
W.Va.,1996,0
W.Va.,1997,0.05
W.Va.,1998,0
W.Va.,1999,0
W.Va.,2000,0
W.Va.,2001,0
W.Va.,2002,0
W.Va.,2003,0
W.Va.,2004,0
W.Va.,2005,0
W.Va.,2006,0
W.Va.,2007,0
W.Va.,2008,0
W.Va.,2009,1
W.Va.,2010,0
W.Va.,2011,0
W.Va.,2012,0
W.Va.,2013,0
W.Va.,2014,0
W.Va.,2015,0
W.Va.,2016,0
Wis.,1928,124.61
Wis.,1929,1016.54
Wis.,1930,748.58
Wis.,1931,506.57
Wis.,1932,935.31
Wis.,1933,317.48
Wis.,1934,1332.84
Wis.,1935,1415.38
Wis.,1936,126.57
Wis.,1937,66.55
Wis.,1938,2348.05
Wis.,1939,768.04
Wis.,1940,636.45
Wis.,1941,993.07
Wis.,1942,781.79
Wis.,1943,1290.54
Wis.,1944,1407.91
Wis.,1945,165.52
Wis.,1946,1333.6
Wis.,1947,383.14
Wis.,1948,926.15
Wis.,1949,1171.07
Wis.,1950,546.71
Wis.,1951,958.07
Wis.,1952,1140.83
Wis.,1953,1166.84
Wis.,1954,289.57
Wis.,1955,1389.05
Wis.,1956,715.74
Wis.,1957,980.76
Wis.,1958,1665.37
Wis.,1959,384.77
Wis.,1960,1090.16
Wis.,1961,932.93
Wis.,1962,365.34
Wis.,1963,1413.07
Wis.,1964,370.35
Wis.,1965,482.22
Wis.,1966,736.07
Wis.,1967,49.53
Wis.,1968,31.89
Wis.,1969,15.33
Wis.,1970,31.02
Wis.,1971,87.53
Wis.,1972,76.34
Wis.,1973,29.97
Wis.,1974,13.9
Wis.,1975,32.03
Wis.,1976,88.54
Wis.,1977,45.35
Wis.,1978,33.27
Wis.,1979,13.76
Wis.,1980,31.29
Wis.,1981,0.12
Wis.,1982,0.02
Wis.,1983,0
Wis.,1984,0.65
Wis.,1985,1.2
Wis.,1986,5.85
Wis.,1987,3.02
Wis.,1988,0
Wis.,1989,6.44
Wis.,1990,13.39
Wis.,1991,0.14
Wis.,1992,0
Wis.,1993,0
Wis.,1994,0.04
Wis.,1995,0
Wis.,1996,0.02
Wis.,1997,0
Wis.,1998,0
Wis.,1999,0
Wis.,2000,0
Wis.,2001,0
Wis.,2002,0
Wis.,2003,0
Wis.,2004,0
Wis.,2005,2
Wis.,2006,0
Wis.,2007,0
Wis.,2008,6
Wis.,2009,0
Wis.,2010,0
Wis.,2011,2
Wis.,2012,0
Wis.,2013,0
Wis.,2014,2
Wis.,2015,0
Wis.,2016,0
Wyo.,1928,227
Wyo.,1929,312.16
Wyo.,1930,341.55
Wyo.,1931,60.69
Wyo.,1932,242.1
Wyo.,1933,249.06
Wyo.,1934,967.44
Wyo.,1935,935.42
Wyo.,1936,57.52
Wyo.,1937,69.91
Wyo.,1938,360.59
Wyo.,1939,1392.34
Wyo.,1940,393.6
Wyo.,1941,381.73
Wyo.,1942,635.27
Wyo.,1943,1088.61
Wyo.,1944,728.08
Wyo.,1945,157.58
Wyo.,1946,397.59
Wyo.,1947,170.19
Wyo.,1948,805.41
Wyo.,1949,201.42
Wyo.,1950,209.99
Wyo.,1951,753.58
Wyo.,1952,231.75
Wyo.,1953,497.54
Wyo.,1954,391.79
Wyo.,1955,180.83
Wyo.,1956,640.69
Wyo.,1957,69.46
Wyo.,1958,433.31
Wyo.,1959,281.2
Wyo.,1960,209.63
Wyo.,1961,143.65
Wyo.,1962,142.93
Wyo.,1963,97.92
Wyo.,1964,84.29
Wyo.,1965,226.15
Wyo.,1966,72.79
Wyo.,1967,64.27
Wyo.,1968,17
Wyo.,1969,2.43
Wyo.,1970,3.23
Wyo.,1971,24.49
Wyo.,1972,14.4
Wyo.,1973,19.68
Wyo.,1974,4.46
Wyo.,1975,0.75
Wyo.,1976,0.97
Wyo.,1977,5.77
Wyo.,1978,0
Wyo.,1979,0.43
Wyo.,1980,0
Wyo.,1981,0.2
Wyo.,1982,0
Wyo.,1983,0
Wyo.,1984,0
Wyo.,1985,1.01
Wyo.,1986,0
Wyo.,1987,0
Wyo.,1988,0
Wyo.,1989,0
Wyo.,1990,0
Wyo.,1991,0.65
Wyo.,1992,0.21
Wyo.,1993,0
Wyo.,1994,0
Wyo.,1995,0
Wyo.,1996,0.2
Wyo.,1997,0.61
Wyo.,1998,0
Wyo.,1999,0
Wyo.,2000,0
Wyo.,2001,0
Wyo.,2002,0
Wyo.,2003,0
Wyo.,2004,0
Wyo.,2005,0
Wyo.,2006,0
Wyo.,2007,0
Wyo.,2008,0
Wyo.,2009,0
Wyo.,2010,1
Wyo.,2011,0
Wyo.,2012,0
Wyo.,2013,0
Wyo.,2014,0
Wyo.,2015,0
Wyo.,2016,0
